Employee_ID,Full_Name,Gender,Age,Department,Salary,Join_Date,City,Phone_Number,Performance_Score
EMP0001,Mariam Hussain,Female,47,Sales,32051,22-10-2018,Peshawar,03183206688,Excellent
EMP0002,Javed Kiani,Male,55,IT,188017,2018-12-10,Lahore ,03285210503,11
EMP0003,Muhammad Qureshi,Male,56,HR,224851,2013-02-23,Rawalpindi,03363538936,
EMP0004,Sadia Malik,Female,44,Marketing,232817,2013-11-17,Peshawer,003334132613,62
EMP0005,Usman Javed,male ,43,Marketing,146862,,Lahore,03356958354,82
EMP0006,Naveed Siddiqui,Male,55,Sales,90277,2012-03-14,Multan,03411502307,46
EMP0007,ayesha jafri,Female,56,IT,,01/09/2022,Rawalpindi,0306-153-0317,30
EMP0008,Rukhsar Javed,Female,52,Marketing,98771,2012-09-26,karachi,03053078648,67
EMP0009,Rukhsar Butt,Male,,Finance,205120,2012-10-15,Peshawar,03314177925,95
EMP0010,Nadia Aziz,Female,49,Sales,121634,2016-08-06,Quetta ,0341-903-8057,58
EMP0011,Imran Naqvi,male ,50,IT,218553,2012-07-06,Faisalabad,03241970207,67
EMP0012,Sana Sheikh,M,38,Sale,249949,2018-04-27,Lahore,03132103878,Good
EMP0013,Imran Aslam,Male,57,Finance ,89432,2018-01-30,Sialkot,03415317415,58
EMP0014,ahmed sheikh,Male,34,Operations,246522,TBD,Lahore,003324678110,88
EMP0015, Irfan Akhtar ,Female,200,Sales,199073,2022-08-29,Karachi,03254364861,79
EMP0016,Shazia Qureshi,Female,26,Operations,127392,,Gujranwala,03383833690,10
EMP0017,Tariq Anwar,Female,5,Sales,173273,2018-04-20,Islamabad,03097112002,14
EMP0018,Tahira Rizvi,Female,42,,62764,Last Year,Rawalpindi,,4.2
EMP0019,Akram  Durrani,Female,47,Marketing,92806,2010-11-18,Karachi,0333-307-1700,57
EMP0020,Rukhsar Mirza,Male,46,IT,39916,,Quetta,03198496272,Good
EMP0021,Khadija Hussain,Male,40,HR,229025,,Sialkot,03364262105,25
EMP0022,Majid Naqvi,Female,59,Operations,163562,2022-06-11,Quetta,03439090885,53
EMP0023,Imran Kiani,Female,37,Operations,33020,2013-12-03,Gujranwala,03065426389,82
EMP0024,Noreen Zaidi,Male,49,HR,"$78,966",00-00-0000,,03219045273,55
EMP0025,Shahid Aslam,Female,30,Marketing,"$81,676",08-04-2013,Karachi,03078665394,79
EMP0026,Asad Hashmi,Female,49,HR,167043-,2022-07-13,Islamabad,03386755219,200
EMP0027, Sana Kiani ,Female,23,HR,82215,2016-08-05,Sialkot,+92-3482008855,22
EMP0028,Noreen,Male,thirty,H.R,231639,2011-05-16,Lahore,03394665987,11
EMP0029,Rabia Mirza,Male,120,HR,155992,2019-07-22,MULTAN,03072533168,
EMP0030,Parveen Ali,Male,42,Marketing,150420,2012-02-06,Rawalpindi,Not Given,55
EMP0031, Farah Sheikh ,Male,52,Sales,30430,2018-07-13,Queta,03439882729,1
EMP0032,Tahira,Female,55,I.T,5000000,2014-05-12,Karachi,0331-533-6155,4
EMP0033,nasreen saleem,Male,30,Operations,"$73,311",2011-05-13,LAHORE,03328615277,55
EMP0034,Farah Javed,male,56,IT,120363,2013-06-14,Faisalabad,03061517012,78
EMP0035,Mariam Malik,female,32,Marketing,185882,2017-09-10,Karachi,03015045722,
EMP0036,Hassan Saleem,female,34,Finance,119022,2015-06-27,Faisalabad,03270251644,-1
EMP0037,Irfan  Hussain,Male,28,Finance,88498,2022-10-21,Sialkot,0348 217 9030,84
EMP0038, Hina Hameed ,Male,36,Sales,192778,2011-07-31,Sialkot,03078965468,91
EMP0039,Muhammad Jafri,Male,42,,109316,2011-05-11,Islamabad,03379781516,2
EMP0040,Ali Khan,Female,,Operations,90212,10/18/2018,Lahore,03088219316,96
EMP0041,Zainab Rehman,female,55,Sales,149892,2012-02-26,Rawalpindi,03163792086,
EMP0042,Bilal Javed,F,36,IT,172236,2023-07-06,Faisalabad,03327421340,91
EMP0043,Parveen Durrani,Male,59,IT,69182,2018-12-06,Karachi,03078322723,82
EMP0044,Nasreen Kiani,F,53,Sales,190327,2023-01-07,Quetta,03167420189,25
EMP0045,Sana Hameed,Female,43,Sales,203830,2019-08-20,Karachi  ,03416060922,18
EMP0046,Akram Ahmed,M,26,Marketing,42583,2019-08-15,Lahore,03022587924,95
EMP0047,parveen javed,Male,56,Sales,10000000,2020-05-22,Faisalabad,0318-937-0781,82
EMP0048,Farah Hameed,Female,60,IT,162613,2012-06-13,Multan,03189234132,63
EMP0049,Asad Iqbal,Female,34,Sale,32555,2023-04-25,Karachi,03097559812,Good
EMP0050,NADIA RIZVI,Female,60,Finance,110601,2022-06-27,Gujranwala,,92
EMP0051,Shazia Akhtar,Male,37,Operations,141739,16/05/2016,Rawalpind,03176922183,54
EMP0052,Waqar Siddiqui,Female,55,Sales,61624,2014-09-28,Rawalpindi,,Poor
EMP0053,Nadia Akhtar,Male,34,Marketing,161428,2010-11-29,Peshawar,03236356418,11
EMP0054,Naveed Akhtar,female,38,IT,206005,2022-11-16,Peshawar,03475392698,Excellent
EMP0055,Kamran Hussain,Female,53,Sales,169637,,Peshawar,03071599960,200
EMP0056,Hassan Aziz,Male,28,Sales,216569,2018-04-19,Lahore ,03456255395,1
EMP0057,Parveen Jafri,F,44,IT,141005,2018-05-21,Islamabad,03341692245,58
EMP0058,Mariam Yousuf,F,25,Operations,204053,2014-10-25,Multan,0313 985 4281,3
EMP0059,Zainab Zaidi,Female,27,Finance,500,2013-07-30,Lahore,03127020143,99
EMP0060,Arif Butt,Male,46,Operations,50319,2014-09-22,Islamabad,N/A,50
EMP0061,Usman Sheikh,Male,43,I.T.,174476,2016-04-08,Islamabad,03283012855,9
EMP0062,Nadia Malik,Male,46,Operations,208220,2023-03-30,Rawalpindi,03030452685,93
EMP0063,Imran Sheikh,Female,,HR,77635,2021-03-25,peshawar,03350446864,38
EMP0064,Samina Naqvi,Female,55,operations,225564,2020-11-19,Karachi,03050279000,67
EMP0065,ASAD HASHMI,Male,45,IT,25975,2011-01-07,Multan,03271717603,94
EMP0066,Rizwan Malik,Female,53,IT,100446,2010-08-05,,,8
EMP0067,Ali  Durrani,Male,95,Marketing,244053,2020-07-20,Faisalabad,03326147671,500
EMP0068,Salma Javed,Male,47,Finance,80971,TBD,Rawalpindi ,03346901435,45
EMP0069,Mariam Sheikh,Male,34,Operations,226562,2022-02-24,Gujranwala,03429875393,51
EMP0070,PARVEEN DURRANI,Female,56,HR,109466,2012-12-16,Rawalpindi,,65
EMP0071,Faisal Durrani,Female,60,Operations,148856,2014-06-13,Peshawar,03248294101,
EMP0072,Hina Siddiqui,Female,,it,212592,2020-04-29,Islamabad,03414532520,49
EMP0073,Faisal Siddiqui,male,29,IT,"$68,789",2010-04-22,Peshawar,0334-634-5478,98
EMP0074,Sadia Naqvi,Female,58,Marketing,168900,2011-12-11,Lahore,03293080126,50
EMP0075,Tariq Saleem,FEMALE,44,Sales ,40007,00-00-0000,Sialkot,,36
EMP0076,Khadija Baig,Female,150,IT,170197-,2013-02-04,Gujranwala,03386026118,47
EMP0077,Nadia Ahmed,Male,22,HR,62246,2023-03-15,islamabad,03210197662,78
EMP0078,Sadia Hashmi,M,27,HR,61574,2010-06-10,LAHORE,03266807216,75
EMP0079,Bilal Sheikh,male,45,Sales,108522,2019-12-06,karachi,03059357629,58
EMP0080,Arif Mirza,Male,56,Sales,114176,2011-09-04,Gujranwala,03491569064,Excellent
EMP0081,Irfan Rizvi,Male,22,Operations,49188,2022-04-06,Islamabad,03425422230,40
EMP0082,Tahira Raza,M,31,,44675,2014-05-21,Quetta,03146119979,55
EMP0083,Akram Siddiqui,M,41,HR,125472,2023-02-11,Faisalabad,03097087978,80
EMP0084,Akram Baig,Female,,Sales,"$124,454",2020-12-09,Karachi  ,03210902958,60
EMP0085,Salma Siddiqui,F,48,Operations,102783,2017-03-31,Lahore,03488028056,3.5
EMP0086,Ayesha Rizvi,Male,50,it,157816,,Gujranwala,0349-263-9155,500
EMP0087,Tahira Sheikh,Female,58,Operations,108244,2013-07-15,Karachi,003246268695,
EMP0088,Omar Zaidi,male,56,HR,185591,2014-07-23,Karachi,03326168609,89
EMP0089,Ali Akhtar,Female,39,Operations,143765,2018-03-18,Karachi,03336631419,62
EMP0090,Tahira Baig,M,49,Sales,70705,Not Available,Multan,+92-3124212949,150
EMP0091,Faisal Butt,F,,Hr,"$51,520",05-05-2014,,03332286339,3.5
EMP0092,Asad Javed,Female,57,Operations,94564,2016-04-04,Faisalabad,03060744107,84
EMP0093, Naveed Saleem ,Male,57,Sales,211177,2016-03-30,islamabad,+92-3168749531,12
EMP0094,Mariam Yousuf,male,29,HR,152781,2013-04-04,,0339 394 2023,59
EMP0095,Irfan  Rehman,Male,28,Sales,62736,2010-08-25,lahore,03428877659,39
EMP0096,,,,,,,,,
EMP0097,Nasreen Iqbal,Male,58,Marketing,100953,2010-09-08,Sialkot,03016278290,40
EMP0098,OMAR IQBAL,Male,60,Finance,43463-,2015-06-13,Faisalabad,03263449779,15
EMP0099,hassan mirza,F,22,IT,179747-,2010-07-03,Islamabad ,03071026330,1
EMP0100,Naveed Butt,Male,,Finance,75954,2010-10-21,Faisalabad,03163701561,14
EMP0101,Fatima Mehmood,Male,55,Marketing,219648,2019-11-10,Sialkot,03246688997,Poor
EMP0102,Javed Saleem,Female,56,,Rs. 159589,2011-03-09,KARACHI,03390577960,87
EMP0103,Shazia Farooq,Female,55,IT,49216,,multan,03219257341,10
EMP0104,Shahid Khan,Male,30,Sales,99369,2021-05-01,KARACHI,,21
EMP0105,Bilal Raza,Female,58,Operations,Rs. 128311,2020-11-03,Lahore,03155209042,18
EMP0106,Zainab Akhtar,F,45,Operations,231297,2016-12-11,Multan,03362938021,23
EMP0107,Tahira Iqbal,Male,44,HR ,204183,2015-08-12,Peshawar,03310815480,10
EMP0108,Waqar Naqvi,Female,50,IT,153235,2021-10-27,Gujranwala,03481339017,40
EMP0109,Hina Butt,Male,39,Sales,126423,2019-01-01,Multan,03467835480,
EMP0110,Asad Saleem,Male,44,MKTG,179220,"March 15, 2019",,03140454606,23
EMP0111,majid ahmed,Female,26,Marketing,,2010-07-28,Multan,03233405032,21
EMP0112,Nasreen Anwar,Male,49,Operations,191053,Last Year,Faisalabad,0343 867 3796,43
EMP0113,Akram Yousuf,F,58,IT,142768,2011-01-13,Islamabad,03095653922,59
EMP0114,Muhammad Ahmed,Female,31,Finance,210436,07/12/2012,Sialkot,+92-3181620955,22
EMP0115,Waqar Aziz,Male,37,Marketing,176929,2010-01-29,Sialkot,03224929252,93
EMP0116,Salma Rizvi,Female,58,IT,one lakh,2010-05-21,Islamabad,03420386681,93
EMP0117,ayesha raza,Female,24,Sales,204728,2010-05-28,Multan,03199627886,-5
EMP0118,Hina,Female,-5,marketing,,00-00-0000,Quetta,,91
EMP0119,Shahid Qureshi,Male,120,IT,186302,2017-07-03,Sialkot,,51
EMP0120,Tariq Hashmi,Male,-10,Marketing ,205442,---,Isb,03132590892,74
EMP0121,Farah Malik,Female,52,IT,"$127,864",2012-07-10,Faisalabad,03264306604,Good
EMP0122,Akram Ahmed,Female,52,Finance,one lakh,2012-11-29,Multan,03310361427,16
EMP0123,Omar Siddiqui,Female,41,Marketing,96106,2019-10-24,Lahore,03230611126,34
EMP0124,Imran Raza,Male,59,sales,71427,2019-03-27,Faisalabad,03187425465,94
EMP0125,Mariam Naqvi,Male,10,Ops,111186,2022-08-31,Faisalabad,,89
EMP0126,KHADIJA MEHMOOD,Female,54,Marketing,157944,23/09/2022,Peshawar,03469507748,74
EMP0127, Rizwan Mirza ,Male,31,marketing,117026,2020-07-18,Multan ,03013953310,5
EMP0128,Parveen  Baig,Female,200,IT,123120,2021-09-30,Karachi,03344973386,65
EMP0129,Salma Durrani,Male,29,Marketing,fifty thousand,2013-11-20,Karachi,N/A,95
EMP0130,Ayesha Raza,female,49,Finance,100399,2011-05-14,,,46
EMP0131,Omar Ahmed,Male,28,Hr,91107,2013-12-04,peshawar,003123121267,84
EMP0132,Majid Mirza,Male,32,Finance,169799,2022-08-08,Islamabad,+92-3010276712,79
EMP0133,Sana Akhtar,Male,47,Finance,117401,"March 15, 2019",Multan,03420417475,21
EMP0134,Shahid Malik,Female,41,Finance,237589,2023-08-09,Sialkot,03117288491,6
EMP0135,Samina Iqbal,Male,,Operations,104310,2012-12-24,quetta,0312 002 4337,73
EMP0136,Asad Hameed,Male,49,Finance,68747,2015-01-07,Sialkot,N/A,21
EMP0137,Samina Rizvi,Male,48,HR,82863,2013-07-11,Lahore,03174063707,14
EMP0138,Faisal Butt,Male,38,IT,10000000,2014-08-24,Gujranwala,0305 356 3380,82
EMP0139,Ahmed Javed,Female,28,Sales,173638-,2021-04-03,Sialkot,03096641627,-5
EMP0140,Irfan Farooq,Female,32,Sales,148417-,2022-07-11,Islambad,03047946640,84
EMP0141,Kamran Saleem,Female,-5,Operations,5000000,2019-07-18,Peshawar ,0344-411-3177,46
EMP0142,Waqar Sheikh,Male,46,IT,47228,,Islamabad,03341385480,73
EMP0143,Tahira Durrani,Male,34,Marketing ,"$68,158",Not Available,Karachi ,03387290137,51
EMP0144,Rabia Baig,Male,60,Marketing ,177089,2023-04-08,Gujranwala,03447274678,100
EMP0145,Imran Zaidi,Female,44,Marketing,242048,2021-07-14,Faisalabad,+92-3489017790,81
EMP0146,Bilal Jafri,Male,22,finance,100753,2022-02-20,Islamabad,+92-3017632213,62
EMP0147,Usman Jafri,Male,29,Finance,27583,2021-07-25,islamabad,03337563358,63
EMP0148,parveen baig,Male,27,Sales,91607-,2023-09-06,Multan,03330526614,13
EMP0149,Tahira Akhtar,Female,32,IT,10000000,2016-07-18,LAHORE,03310103235,23
EMP0150,Salma Ahmed,Female,57,Marketing,218910,N/A,Lhr,03271771697,3
EMP0151,Waqar Siddiqui,Male,33,Finance,158470,2011-12-15,Sialkot,03214971344,78
EMP0152,Imran Iqbal,Female,23,Sales,64186,2019-07-22,Multan,03353995738,60
EMP0153,Arif Khan,Male,29,IT,82270,2010-03-07,Quetta,03257280021,74
EMP0154,Rabia Rizvi,Female,29,Ops,,2019-08-09,Faisalabad,+92-3191188491,150
EMP0155,Imran Durrani,MALE,60,HR,97250,2017-08-15,Rawalpindi,0314 928 6523,41
EMP0156,Nasreen  Mirza,Male,24,it,84044,2021-10-18,Karachi,03193722553,77
EMP0157,Akram Akhtar,Male,35,Finance ,147080,30/07/2020,Karachi,03211075659,40
EMP0158,Naveed Aslam,Female,28,Operations,156070,01/03/2023,Rawalpindi,,27
EMP0159,Sadia Farooq,Male,29,operations,114846,2013-01-05,Rawalpindi,Not Given,90
EMP0160,Hassan Aziz,Female,29,I.T.,90953,2019-11-10,Rawalpindi,03412357163,61
EMP0161,Mariam Jafri,Female,51,Sales,29284,2012-01-10,,03135793154,78
EMP0162,Nadia Ali,Male,36,Sales,171193,2016-01-14,Sialkot,03490211229,83
EMP0163,Fatima Javed,Male,50,HR,175750,2020-03-26,,03332548933,33
EMP0164,Javed Rizvi,Female,57,marketing,173124,2014-01-05,Sialkot,03331461553,92
EMP0165,Sana Ahmed,Male,27,Operations,188622,2017-07-06,Karachi,03274653859,58
EMP0166, Kamran Aziz ,Female,43,Operations,77196,01-06-2022,Lahore,03392673451,33
EMP0167,Majid Kiani,Female,35,Finance,185334,2010-11-06,Gujranwala,0323-885-0050,18
EMP0168,Kamran Javed,Male,39,IT,224454,2012-07-14,Quetta,03030342394,76
EMP0169,NAVEED ZAIDI,FEMALE,,IT,108895,,Islamabad,03483573004,100
EMP0170,Majid Rehman,female ,26,Operations,190725,2021-02-19,Karachi,03316432263,100
EMP0171,Shazia Naqvi,Female,43,Sales,67026,2015-09-12,Islamabad,03222628163,4.2
EMP0172,Sana Raza,M,,Operations,102494,2017-06-11,Islamabad,,9
EMP0173,Asad Durrani,Male,60,Operations,82804,2021-10-09,Multan,003285232398,52
EMP0174,Ayesha Mirza,Male,53,Sales,179009,2011-08-21,Lahore,03023839095,86
EMP0175,Farah Jafri,Female,34,Fin,237527,2018-01-31,Multan,03370524116,8
EMP0176,Khadija Rehman,Male,,Finance,,2023-03-13,Peshawar,03334163569,28
EMP0177,Farah Akhtar,Male,47,hr,183246,2010-08-13,karachi,03125370116,50
EMP0178,Shazia Butt,Male,49,Operations,97239-,2013-01-08,Karachi,03467611344,93
EMP0179,Rukhsar Hussain,Male,55,Operations,105608,2011-04-17,MULTAN,0329-096-8403,33
EMP0180,Parveen Aslam,Female,38,Marketing,,2013-05-11,Karachi,03195976176,98
EMP0181,Mariam Butt,Female,60,IT,78892,2020-02-02,Sialkot,03115356036,24
EMP0182,Javed Malik,Female,31,Operations,86399,2020-03-28,Sialkot,03363711215,4.2
EMP0183,ZAINAB ALI,Male,24,Sales,74283,14/07/2010,Peshawar,03449393597,75
EMP0184,Ahmed Javed,female ,52,,211402,2018-03-03,Islamabad,03461015999,3
EMP0185,Omar Hussain,Female,53,IT,239094,2013-11-13,Sialkot,03358926292,
EMP0186,Salma Saleem,FEMALE,forty,Finance,138615,2010-04-28,Islamabad,03132575378,
EMP0187,Shazia Mehmood,Male,29,HR,Rs. 188651,2015-02-18,Islamabad,03054230687,30
EMP0188,Irfan Ali,Male,41,HR,35976,2019-09-05,Gujranwala,+92-3014876917,2
EMP0189,Parveen Saleem,Male,35,HR,221359,N/A,Rawalpindi,03069451721,76
EMP0190,Salma Ahmed,Female,60,Operations,122785,2018-08-28,Karachi,03055032119,68
EMP0191, Javed Yousuf ,Female,57,Sales,27698,2021-11-13,Quetta,03217200210,56
EMP0192,Rabia Saleem,Female,59,Finance,"$123,753",,Faisalabad,03428970845,43
EMP0193,Fatima Javed,Female,28,Operations,121684,30/07/2017,Multn,03117464009,41
EMP0194,Khadija  Akhtar,Female,45,FINANCE,229225,29-08-2011,Rawalpindi,03137015665,98
EMP0195,ayesha ali,Male,43,Marketing,92655,2012-04-29,Gujranwala,03457863282,31
EMP0196, Zainab Siddiqui ,Male,twenty-five,Operations,197577,2015-01-29,Multan,03272267690,19
EMP0197,Asad Hussain,Female,54,IT,32837,2020-05-22,Karachi  ,03181256437,32
EMP0198,Farah Hashmi,Male,54,HR,500,2023-01-22,Quetta,+92-3345462260,9
EMP0199,Naveed Baig,Male,53,Operations,151096,2015-06-19,Islamabad ,03491235551,15
EMP0200,Nadia Malik,Female,55,Marketing,62614,2012-01-26,Multan,0336-388-6874,98
EMP0201,Muhammad Hameed,Female,32,Sales,164975-,2012-04-30,multan,,88
EMP0202,Naveed Saleem,Female,30,Ops,118720,2011-11-03,Karachi  ,0314-198-3879,82
EMP0203,tariq kiani,Female,54,IT,78931,2017-01-24,Rawalpindi,03364070299,68
EMP0204,Ahmed Saleem,Male,47,Hr,"$99,258",24-12-2010,Rawalpindi,03157640750,Average
EMP0205,Akram Aslam,Male,45,Finance,143838,2022-11-04,Peshawar ,003492261717,33
EMP0206,Shahid Khan,male,51,Marketing,149829,2011-06-25,Quetta ,03344338557,Poor
EMP0207,Ahmed Aslam,Male,42,H.R,216326,2013-05-25,Peshawar,+92-3418036166,-5
EMP0208,Tahira Hashmi,Female,55,Finance,235862,2021-06-13,Lahore,03486794695,99
EMP0209,Imran Javed,F,29,Sales,173465,2019-12-09,Multan,03314921520,
EMP0210,Sadia Hussain,F,26,HR,220668,2022-11-05,Quetta,03174925522,88
EMP0211,Akram Javed,Male,60,,"$148,572",2011-01-25,Sialkot,03280771894,97
EMP0212,Nasreen Iqbal,Male,45,IT ,119617,2017-08-13,Multn,0323-113-2291,24
EMP0213,Parveen Ali,Male,50,Operations,67662,2021-10-09,Multan,03252286809,70
EMP0214,ARIF ZAIDI,Female,28,Sales,160659,2023-01-28,Quetta,03432586394,46
EMP0215,BILAL MIRZA,M,120,Finance,70198,2016-11-30,Sialkot,03276240805,83
EMP0216,Omar Ansari,Female,52,Sales,179920,2016-06-28,Karachi,03278005917,7
EMP0217,Salma Durrani,male,24,HR,64768,2011-11-17,Lahore ,03423390672,92
EMP0218,Salma Ansari,Male,29,Operations,188862-,10/17/2012,Quetta,03358061143,79
EMP0219,Rabia Hussain,Female,31,FINANCE,,2013-02-03,Islamabad,03015374399,29
EMP0220,sana qureshi,Male,39,Operations ,246377,2016-02-17,Sialkot,03368291059,33
EMP0221,Tahira Kiani,Male,49,H.R.,54719,2012-11-02,,+92-3484553321,93
EMP0222,Samina Ahmed,male,51,Sales,105320,2015-11-14,Quetta,,9
EMP0223,Nadia Jafri,Female,28,IT,101179,2011-06-05,Lahore,03096402126,33
EMP0224,Muhammad Zaidi,Female,49,Sales,118505,2019-08-23,karachi,+92-3296841005,8
EMP0225,Tahira Durrani,Female,33,it,86643,2022-07-04,Sialkot,0324 766 2975,48
EMP0226,Khadija Aslam,Male,53,HR,139844,2012-08-29,Rawalpindi,03455558092,40
EMP0227,Nasreen Javed,Female,thirty,HR,172439,2014-11-20,Gujranwala,03487453973,84
EMP0228,Parveen Raza,Male,54,Finance,231182,2018-06-15,Karachi ,+92-3426749296,4.2
EMP0229,Rabia Butt,Female,36,Finance,65117,2015-05-24,Sialkot,03428696461,28
EMP0230, Ahmed Mehmood ,Male,45,IT,192811-,2013-12-21,Faisalabad,03021139313,79
EMP0231,Rukhsar Qureshi,Male,25,IT,28478,2011-12-15,Sialkot,03426197802,13
EMP0232, Zainab Rehman ,M,54,,42085,2013-07-03,Gujranwala,03078906283,Excellent
EMP0233,Sadia Anwar,Male,51,I.T,84700,2020-01-13,Lahore,0300XXXXXXX,87
EMP0234,Ayesha Durrani,male,43,HR,122546,2014-10-20,Islamabad,03254314842,41
EMP0235,Imran Anwar,Female,200,HR,107064,2011-10-09,Faisalabad,03373238694,62
EMP0236,Tariq Jafri,Male,,Sales,243039,2017-03-31,Faisalabad,03028267234,82
EMP0237,Irfan Hussain,male,26,IT,194861,2018-12-06,Quetta,03027691897,1
EMP0238,salma iqbal,Female,41,HR,35322,2014-05-28,karachi,03438466364,49
EMP0239,Samina Yousuf,Male,50,HR,64912,2020-03-29,Sialkot,03410195370,21
EMP0240,Bilal Iqbal,Female,47,HR ,Rs. 144923,2019-10-11,Islamabad,03212532270,83
EMP0241,salma sheikh,female ,24,Finance,97406,2021-05-06,Quetta,0338-565-5250,29
EMP0242,sana kiani,Female,46,Finance,198769,2010-04-18,Karachi  ,03088488055,
EMP0243,Nadia Siddiqui,Female,30,Marketing ,197782,30-05-2017,Multan,03463208173,8
EMP0244,Omar Hameed,Female,27,Marketing,176262,2021-08-22,Rawalpindi,03291506831,25
EMP0245,Faisal Farooq,Male,27,IT,32554,2017-10-24,Multan,03051806457,28
EMP0246,Majid Qureshi,Male,34,,36543,2013-12-20,Rawalpindi,,13
EMP0247,Muhammad Yousuf,Female,52,Operations ,198352,2020-07-12,Islamabad,03180599711,62
EMP0248,Salma Kiani,Female,5,IT,207255,2020-01-09,Gujranwala,0300XXXXXXX,65
EMP0249,Parveen  Ali,female ,30,Sales,182051,2019-06-17,Karachi	,03185824274,78
EMP0250,MARIAM NAQVI,Male,5,Marketing,146737,2010-07-07,LAHORE,03197784963,86
EMP0251,Arif Siddiqui,MALE,31,Operations,38444,10/11/2011,Rawalpindi ,03045782585,79
EMP0252,Rizwan Aslam,Male,,OP,151527,10/03/2014,Islamabad,03348024987,18
EMP0253,Mariam Iqbal,Female,35,Operations,74635,2017-09-26,Karachi ,0300XXXXXXX,86
EMP0254,Javed Saleem,Male,25,IT ,,2019-01-25,Faisalabad,03049468102,46
EMP0255,Sana Raza,Male,49,Finance,188740,2022-04-13,Gujranwala,03216699946,54
EMP0256,Ali Farooq,Female,49,Sales,122658,12/18/2022,Multan,03081337227,500
EMP0257,Noreen Rehman,Male,29,IT,109069,2021-11-08,Karachi,03021615559,-1
EMP0258,Arif Qureshi,Male,60,Marketing,50056,2016-03-01,Karachi,03391110324,69
EMP0259,Asad Ansari,Female,48,Sales,83431,2012-03-11,Lahore,03264370744,2.8
EMP0260,Kamran Sheikh,Female,28,Operations,103165,2016-01-08,Gujranwala,0316-401-6050,66
EMP0261,Omar Butt,F,twenty-five,Operations,208683,2013-06-13,Multan,03020774925,52
EMP0262,Ayesha Yousuf,Male,59,,230552,2021-09-14,Gujranwala,03377805296,32
EMP0263,Parveen Hashmi,Male,31,Operations,54328,2012-08-12,Rawalpindi,0345 380 8298,69
EMP0264,Parveen Durrani,Female,42,Marketing,172754,00-00-0000,Lahore,003369906546,45
EMP0265,Fatima Anwar,MALE,-5,HR,34478,2016-12-20,Peshawar,03022863109,81
EMP0266,Noreen  Kiani,Female,23,Operations,112566,2018-06-10,Lahore,03059967612,4.2
EMP0267,Rabia Jafri,Male,42,Sales,46828,2014-03-11,islamabad,03425489892,61
EMP0268,Mariam Mirza,Male,60,Mktg,233230,04/12/2014,Peshawar,03010548114,
EMP0269,Akram Qureshi,Male,28,Sales,154559,2016-01-09,Peshawar,Not Given,27
EMP0270,Naveed Malik,Female,34,HR,224415,2015-07-30,Rawalpindi,0314-041-8991,67
EMP0271,arif hashmi,Female,49,HR,49199,2021-01-07,Faisalabad,03084615922,21
EMP0272,Zainab Qureshi,Male,41,I.T.,127675,2017-09-15,Multan,03326812821,73
EMP0273,Asad Zaidi,Female,34,Operations,204726,2017-01-17,Multan,03092451073,7
EMP0274,Sana Durrani,Female,24,Operations,188856,2020-12-20,Islamabad,03213647117,23
EMP0275,Khadija Malik,Male,42,IT,,2012-11-23,Lahore,03160141100,98
EMP0276,Faisal Farooq,Female,31,HR,500,2019-07-20,Gujranwala,03342342288,75
EMP0277,Rizwan Mehmood,male ,42,Operations,224368,2020/25/12,Islamabad,03493274201,95
EMP0278,Irfan Mirza,female ,42,Operations,107622,2023-03-16,Sialkot,0332-788-7066,88
EMP0279,Naveed Butt,Male,37,Sales ,84806-,2022-03-07,Sialkot,03354983217,23
EMP0280,Asad Sheikh,Female,40,Sales,219724,2023-02-02,Faisalabad,03461354247,-1
EMP0281,Faisal Baig,Male,5,Finance,,2012-08-30,Rawalpindi,03136855295,34
EMP0282,Muhammad Khan,M,35,Finance,122092,2012-10-07,Multan,03382262812,-1
EMP0283,Mariam Iqbal,Female,60,Operations,159364,2015-07-30,Rawalpindi,+92-3043577334,17
EMP0284,IMRAN IQBAL,Male,56,Sales,33137,2010-07-16,Quetta,03054057731,13
EMP0285,Mariam Mirza,Female,thirty,Finance,236582,2022-03-01,Rawalpindi,03111201911,86
EMP0286,Hassan Kiani,Male,28,,116286,2017-06-23,Peshawar,03359130598,45
EMP0287,Tahira Mehmood,Male,33,,41096,2013-01-12,Multn,003466211276,49
EMP0288,Shazia Saleem,Female,32,HR,"$162,125",2013-08-19,Karachi,03247554571,70
EMP0289,Hassan  Raza,Female,,Finance,39208-,2023-05-14,Quetta,003110592997,36
EMP0290,Rabia Durrani,Male,30,H.R,58377,2022-03-18,Gujranwala,03230653814,54
EMP0291,Hassan Javed,Male,28,Marketing,211096,2017-03-13,Sialkot,+92-3195777817,22
EMP0292,Muhammad Saleem,Female,-5,marketing,27292,2013-08-30,Gujranwala,03125646439,61
EMP0293,Waqar Ali,Female,58,FINANCE,157936,2011-03-17,Karachi  ,03137518599,-1
EMP0294,Ahmed Akhtar,Male,32,Sales,134568,2014-09-19,KARACHI,03068272017,50
EMP0295,Samina Farooq,Male,twenty-five,hr,,2013-04-15,Sialkot,03495982813,83
EMP0296,Javed Hashmi,female ,42,Sales,1000,2019-08-26,Islamabad,0306 610 1245,99
EMP0297,Rizwan Aslam,Female,39,Sales,102442,2019-06-23,Peshawar,0346 019 4200,150
EMP0298,Farah Akhtar,Male,47,hr,183246,2010-08-13,karachi,03125370116,50
EMP0299,OMAR JAVED,F,34,Finance,196539-,2013-10-13,Peshawar,03411990453,Average
EMP0300,Tahira Farooq,Male,59,Marketing,114484,29-03-2015,KARACHI,03167441199,4
EMP0301,Mariam Hashmi,Male,25,Marketing,152376,2022-05-09,Faisalabad,003449098525,44
EMP0302,Bilal Khan,Female,,MKTG,Rs. 45915,18-04-2013,Quetta,03374281729,48
EMP0303,Naveed Saleem,Male,52,HR,61081,2018-02-27,Peshawar,03314091407,100
EMP0304,Nasreen Aslam,Female,120,HR,77877,2023-05-22,Quetta,0306 456 2184,35
EMP0305,Rizwan Raza,Female,42,HR,,2020-08-20,Sialkot,03314464913,
EMP0306,Tahira Aziz,female ,47,HR,194699,2012-11-04,Karachi,03228805580,39
EMP0307,Omar Durrani,Male,-10,Sales,156326,2010-03-06,Lahore,03164770806,39
EMP0308,Rukhsar Jafri,Male,41,Marketing,223306,2010-10-12,Quetta,03413306687,49
EMP0309,Ahmed Malik,Female,23,Operations,124932,2016-08-05,islamabad,03247293092,90
EMP0310,Omar Kiani,female,-10,it,66574,2015-04-17,Lahore,03349780231,3
EMP0311,Ayesha Qureshi,FEMALE,28,Sales,110618,2014-11-17,Peshawar,+92-3311398806,96
EMP0312,Kamran Rehman,Female,55,HR,fifty thousand,2020-05-27,Lahore,03126001903,64
EMP0313,Majid Mehmood,female ,34,Finance,221789,2011-05-21,Sialkot,03123441911,12
EMP0314,Khadija Sheikh,Female,35,IT,210640,32-13-2020,Rawalpindi,+92-3198427126,31
EMP0315,Bilal Durrani,Male,,IT,70493,2011-08-02,Multan,03498953284,62
EMP0316,Ali Hussain,Male,twenty-five,Marketing,one lakh,2019-12-29,Karachi,03186476937,73
EMP0317,Nadia Farooq,Male,40,Operations,113646,2016-06-11,Faisalabad,03275867688,47
EMP0318,Akram Sheikh,Male,35,I.T.,104160,2023-03-13,Karachi,03060169427,20
EMP0319,Irfan Siddiqui,Male,22,HR,139122,2022-06-03,Multan,,57
EMP0320,Ayesha Aziz,Female,31,Marketing,185057,Last Year,Lahore,003498017125,68
EMP0321,Ahmed Durrani,Male,48,Operations,131658,2011-04-29,Islamabad,03190562685,Poor
EMP0322,Fatima Akhtar,Female,,Marketing,155463,2016-09-06,Lahore,+92-3191372722,52
EMP0323,Majid Ansari,Male,35,Operations,99498,2012-05-15,Gujranwala,03320639917,94
EMP0324,Tahira Zaidi,Female,57,HR,74335,2011-09-01,Multn,03313991574,-10
EMP0325,Sana  Anwar,M,39,Sales,191996,2019-05-17,Peshawar,03366812031,43
EMP0326,Tahira Iqbal,Female,37,Sales,one lakh,2014-12-12,Gujranwala,03265785959,62
EMP0327,Usman  Malik,Female,46,Sales,71903,2015-07-27,Quetta,03213968838,14
EMP0328,Samina Ali,Male,,Operations,41506,2014-11-07,Multan,03252500868,89
EMP0329,Sadia Baig,Male,23,Operations,Rs. 150568,2014-02-11,Qta,03079447570,29
EMP0330,Mariam Raza,Male,31,Operations,31774,2023-02-10,Faisalabad,03050828255,90
EMP0331,Ayesha Javed,Female,30,Sales,,2018-07-21,Quetta,+92-3076506548,42
EMP0332,Rabia,male,33,Marketing,85691,2010-09-26,,03211018703,37
EMP0333,Bilal Malik,Male,30,HR,96649,2022-11-05,Islamabad,03134637932,61
EMP0334,Majid Iqbal,Male,29,IT,90842,2011-08-02,Lahor,03448391676,
EMP0335,Naveed Baig,Female,25,I.T,,2021-07-06,Queta,+92-3395883279,96
EMP0336, Waqar Anwar ,Female,,Finance,72958,2016-05-17,Rawalpindi,,86
EMP0337,Mariam Siddiqui,Female,23,Sales,"$91,782",2015-03-21,Quetta ,0347-313-4531,29
EMP0338,Asad Durrani,Female,55,Finance,234451,,Sialkot,+92-3130340520,11
EMP0339,Nasreen Kiani,Female,39,Sales,141959,2017-12-26,Lahore,03379600535,-5
EMP0340,Usman Siddiqui,Female,59,HR,233170,2011-11-09,Peshawar,03242891778,31
EMP0341,Usman Kiani,Male,54,Operations,89516,2016-09-08,Sialkot,003242518680,27
EMP0342,Zainab Aziz,Female,120,Operations,168109,2011-05-19,Quetta,03144281600,39
EMP0343,Samina Zaidi,Male,,HR,180519,2016-04-09,Peshawar ,03411670685,14
EMP0344,Muhammad  Anwar,Male,24,,204528,24-04-2023,Islamabad ,,76
EMP0345,Noreen Akhtar,male,58,Finance,105361,2020-06-11,Rawalpindi,03474298074,47
EMP0346,Nasreen Khan,Female,44,IT,,Last Year,Peshawer,,54
EMP0347,Mariam Mehmood,Male,41,Finance,94923,2015-10-27,Karachi,03413738944,19
EMP0348,ARIF AZIZ,Female,42,Marketing,140088,09-01-2013,Sialkot,+92-3288968371,52
EMP0349,Samina Yousuf,F,53,IT,238574,2016-04-15,Karachi	,03076224048,45
EMP0350,WAQAR JAFRI,Female,51,Finance,166303,2023-05-06,,03148936328,Excellent
EMP0351,Omar Durrani,Male,29,Operations,128899,2016-01-08,Peshawar,03498217691,72
EMP0352,Irfan Mirza,female ,42,Operations,107622,2023-03-16,Sialkot,0332-788-7066,88
EMP0353,Asad,Male,52,Operations,142437,2017-04-19,karachi,03241039891,32
EMP0354,Nasreen Aziz,Male,38,Sales,222478,2011-03-21,Islamabad,03082754180,61
EMP0355,Asad Siddiqui,Male,32,Operations,150611,2018-02-23,Karachi,,71
EMP0356,Asad Iqbal,Female,44,OP,116781,2023-09-05,Peshawar,03155317894,79
EMP0357,Kamran Mehmood,Male,120,Operations,78970-,2023-06-14,,03461602800,66
EMP0358, Majid Rizvi ,Female,50,HR,31345,2012-11-07,Rawalpindi,03348068331,6
EMP0359,Samina Ansari,Male,200,Sales,5000000,2015-01-07,MULTAN,03127920423,5
EMP0360,Akram Akhtar,Female,35,Marketing,232381,2014-03-11,Karachi,003480748214,42
EMP0361,Zainab Ali,Female,,Sales,2000,2020-03-04,LAHORE,03315591514,90
EMP0362,Rabia  Butt,Male,46,Finance,119759,2014-02-03,Faisalabad,0345-563-1152,77
EMP0363,FAISAL AHMED,Female,-10,Operations ,172665,2014-03-10,Peshawar,0312-706-8887,4
EMP0364,faisal hashmi,Male,38,Finance,106131,2011-08-19,MULTAN,003254215127,44
EMP0365,Khadija Anwar,Female,52,Finance,169735,TBD,Lahore,03118041483,
EMP0366, Akram Zaidi ,Male,59,Finance,37770,2012-04-28,Lahore,03178230475,Poor
EMP0367,Zainab Iqbal,Female,51,Finance,10000000,2010-03-21,Peshawar,003437072445,
EMP0368,Salma Durrani,Female,39,Marketing,229484,2012-12-10,peshawar,03342543232,11
EMP0369,Rizwan Ansari,Female,36,Finance,106354,2018-07-02,Peshawar,03016085071,3.5
EMP0370,Ali Yousuf,Female,30,it,144652,2011-11-28,Multan,03059559121,90
EMP0371,Waqar Hameed,Female,,Finance,,Last Year,Sialkot,,29
EMP0372,Muhammad Malik,Female,55,IT,134504,2021-10-06,Rawalpindi,0307-733-9500,15
EMP0373,Mariam Butt,Female,60,IT,78892,2020-02-02,Sialkot,03115356036,24
EMP0374,Salma Ansari,Male,29,Operations,188862-,10/17/2012,Quetta,03358061143,79
EMP0375,Parveen Rizvi,male,,Sales ,122509-,2013-12-22,Rawalpindi,03056135978,59
EMP0376,Rizwan Anwar,Male,37,Marketing,104566,2018-03-18,Gujranwala,03285825889,58
EMP0377,Asad Hameed,M,37,Marketing,,2016-01-28,Karachi,03028964413,15
EMP0378,Rabia Akhtar,Male,22,operations,107336,2018-10-12,Multan,0301 223 9111,58
EMP0379,Noreen Hussain,Female,55,IT,235055,2022-10-01,Rawalpindi,03379013190,58
EMP0380,Samina Ali,female ,51,hr,213974,2011-01-10,Karachi,03295914779,50
EMP0381,Majid  Durrani,Male,32,HR,235036,2019-02-05,Faisalabad,03377990328,77
EMP0382,Sana Mehmood,F,57,Marketing,216693,2014-02-06,Gujranwala,03444608672,86
EMP0383, Khadija Iqbal ,Female,26,H.R,243546,14/01/2017,Islamabad,03454802258,150
EMP0384,Samina Kiani,Male,60,Sales ,163761,21-03-2022,Rawalpindi,03454223450,
EMP0385,,,,,,,,,
EMP0386,Sana Saleem,Male,forty,sales,154329,2022-10-05,Lahore,03261137762,36
EMP0387,Farah Javed,Female,120,IT,222211,2020/25/12,Karachi,03267752132,98
EMP0388,Tariq Malik,Female,45,Marketing,31145,2013-09-07,Gujranwala,03386853003,88
EMP0389,Tahira Anwar,Female,46,Sales,93871,2021-07-23,Lahore,03262398803,9
EMP0390,Sana Durrani,female,58,Finance,33609-,N/A,Gujranwala,03469169839,98
EMP0391,Nadia Mehmood,F,35,IT,133773,24-07-2019,Quetta,03419568709,16
EMP0392,Akram Ansari,Female,27,Fin,"$117,363",2022-11-08,Karachi	,03079004387,83
EMP0393,Sadia Butt,Female,43,IT,100088,2010-10-12,Karachi,03184217674,85
EMP0394,mariam qureshi,Male,54,I.T,80197-,2010-10-26,Sialkot,0346 129 2322,25
EMP0395,Salma Hameed,Male,50,Sales,76840,2013-07-28,,03071423841,59
EMP0396,Samina Hussain,male ,31,Finance,Rs. 139674,2017-07-19,Karachi ,,11
EMP0397,Zainab Hashmi,Female,31,Finance,248525,2020-10-11,Lahor,+92-3447000747,90
EMP0398,Nadia,male,52,Finance,177217,2023-01-19,Multan,0322-857-7030,90
EMP0399,Arif Aziz,FEMALE,44,,Rs. 186500,2023-05-25,Quetta,03244768842,20
EMP0400,Akram Ansari,MALE,49,Operations,180563,2015-07-31,Lahore,003346272158,11
EMP0401,Arif Ansari,Female,36,IT,10000000,2022-09-06,Peshawar,03345837349,67
EMP0402,Nadia Javed,Female,30,Sales,Rs. 54724,2023-05-08,Peshawar,03387761337,56
EMP0403,Noreen Hashmi,Female,27,HR ,77303,2021-12-19,Lahore,0337 321 6979,82
EMP0404,Ahmed Hashmi,Female,33,IT,87367,2016-02-15,Karachi,03374217871,100
EMP0405,Irfan Ali,Female,46,Finance,90910,2010-01-24,Multan,0348 845 7847,77
EMP0406,Sadia Akhtar,Female,34,IT,129212,2014-07-29,Islamabad,03311122554,8
EMP0407,Arif Zaidi,Female,48,Sales,208496,2020-08-25,Karachi  ,03256234339,69
EMP0408,Irfan Sheikh,Female,47,Finance,223589,2012-12-06,Multan,03328617215,93
EMP0409,Asad Naqvi,Female,43,IT,153848,2020-08-13,KARACHI,03057979670,59
EMP0410,Mariam Baig,F,55,Sales,34432,2016-04-06,Peshawar,,150
EMP0411,Omar Ansari,Female,thirty,IT,50189,,Islamabad ,03085688787,
EMP0412,Rabia Raza,Female,43,Operations,"$182,794",2018-09-06,Quetta,03211523124,65
EMP0413,Samina Ahmed,Male,24,Finance,56311,24/07/2021,Peshawar,03083101157,88
EMP0414,Arif Aslam,Male,26,IT,"$40,322",2012-08-23,Faisalabad,03124941675,68
EMP0415,Ali Butt,Female,33,Finance,73452,2019-08-09,Islamabad,03430080491,44
EMP0416,Bilal Akhtar,FEMALE,43,hr,111825,2015-08-21,Sialkot,03149971412,-1
EMP0417,Ayesha Hussain,Female,37,IT,130442,2020-11-19,,03145021207,98
EMP0418, Javed Anwar ,Female,44,IT,"$106,404",TBD,rawalpindi,+92-3335832859,34
EMP0419,imran butt,Female,thirty,Finance,5000000,2020-09-15,Lahore,03082129095,40
EMP0420,Sana Ali,Female,34,Sales,N/A,2018-08-21,Gujranwala,03258222564,60
EMP0421,Parveen Mirza,Female,38,Marketing,201098,08-05-2022,,03458588461,71
EMP0422, Farah Akhtar ,male ,-5,IT,111137,2022-04-19,Rawalpindi,03040624865,9
EMP0423,nasreen sheikh,Female,95,Marketing,169599,2014-09-27,Rawalpindi,003455370500,45
EMP0424,Shahid Aziz,Male,44,Finance,52937,,Peshawar,03139745767,68
EMP0425,Rukhsar Aziz,M,49,HR,169233,2010-05-01,Sialkot,+92-3416542972,16
EMP0426,Sadia Saleem,Male,48,IT,,2012-02-08,Sialkot,03282898620,34
EMP0427,Muhammad Zaidi,female,thirty,IT,226323,2021-11-28,Multan,03390298801,47
EMP0428,Bilal Naqvi,Male,50,Operations,204092,2018-02-01,Islamabad,Not Given,72
EMP0429,Arif Raza,Female,60,IT,"$71,296",2015-01-23,Karachi	,03326785489,99
EMP0430,Farah Javed,Male,31,IT,96522,2018-09-25,Islamabad,03047698267,53
EMP0431,,,,,,,,,
EMP0432,Ahmed Jafri,male ,35,Sales,104480,2023-03-12,Quetta,+92-3424797107,48
EMP0433,Parveen Mirza,Female,22,Finance,59513-,2012-10-31,Islamabad,03161588906,2
EMP0434,Hassan Aslam,Female,49,Finance,,2018-01-06,Sialkot,03360474195,44
EMP0435, Samina Butt ,Female,39,Finance,122943,2015-12-12,Lahore,,79
EMP0436,Shahid Javed,Female,48,IT,Rs. 34444,2015-11-06,Multan,03149842729,75
EMP0437,Tariq Akhtar,Female,51,HR,"$131,568",2017-04-11,Multan ,0341-323-9162,Average
EMP0438,Asad Butt,Male,23,,38645,2019-03-31,multan,03290490654,5
EMP0439, Farah Javed ,FEMALE,33,Marketing,500,2019-10-07,islamabad,03313226649,150
EMP0440,Fatima Saleem,Female,26,IT,162232,,Islamabad,03291605547,49
EMP0441,Omar Ahmed,Female,-10,H.R.,112167,2022-07-09,Peshawar,03255249515,3
EMP0442,Rukhsar  Raza,Male,48,IT,181211-,2010-10-24,Sialkot,03239566552,45
EMP0443,Rabia Malik,Male,52,HR,232642,2018-07-29,Quetta ,003155619988,67
EMP0444,Asad Javed,Female,40,Sales,109977,2011-06-09,Faisalabad,03371777181,46
EMP0445,Sana Ansari,Female,59,Operations,133097,2010-06-18,Quetta,03378312956,4.2
EMP0446,Irfan Durrani,Female,,H.R,187174,25/04/2023,Faisalabad,03391168485,82
EMP0447,Ayesha Sheikh,Male,32,Sales,71302,2017-11-06,Peshawar,03047862236,48
EMP0448,Javed Jafri,Male,27,Finance,88265,2012-06-05,Rawalpindi,03439976031,58
EMP0449,Ayesha Naqvi,Male,22,Operations,196662,2015-04-22,Multan,03141323789,26
EMP0450,Usman Rehman,Female,58,Sales,166942,2020-11-10,Islamabad,0321 841 1037,56
EMP0451,Muhammad Mirza,Female,43,I.T,46906,18/10/2014,,03316720126,200
EMP0452,Omar Hameed,Male,50,Sales,89767,2010-01-23,Karachi,03244273033,3.5
EMP0453,Sana Hashmi,female,34,IT,112222,2018-08-29,Karachi  ,03019711151,56
EMP0454,Rabia,Female,40,Operations,88041,2012-02-26,Gujranwala,03420192332,74
EMP0455,Salma Mirza,Male,48,Sales,96647,2015-06-06,Islamabad,03398876411,
EMP0456,Majid Kiani,Female,45,Sales,173595,2017-02-12,Peshawar,03347914435,16
EMP0457,Fatima Siddiqui,Female,57,IT,31881,22-07-2014,Quetta,03051570260,40
EMP0458,Farah Ahmed,Male,43,Marketing,Rs. 103224,2011-02-20,Lahore,03152892856,51
EMP0459,Samina Ali,Female,42,HR,149131,2015-08-17,Rawalpindi,03043544444,51
EMP0460,Hassan Yousuf,Male,120,Marketing,182976,2021-10-28,Lhr,03285491123,23
EMP0461,Ayesha Butt,Male,-10,,103278,2013-10-04,,03294334639,33
EMP0462,Waqar Mirza,Female,59,MKTG,153332,2019-06-18,Islamabad,03368859940,
EMP0463,rizwan anwar,Female,36,Finance,500,2020-03-05,Lahore,03251675798,15
EMP0464,Omar Qureshi,Male,41,Operations,195762,2013-01-26,Multn,03225734299,20
EMP0465,Usman Mehmood,female,30,HR,110618,20/03/2023,Faisalabad,03093535134,54
EMP0466,Naveed Saleem,Female,26,Finance,69542,---,Islamabad,03490684112,2
EMP0467,Arif Khan,Male,32,Operations ,64850,2016-12-10,Lahore,0339-845-9661,79
EMP0468,Rabia Mirza,Female,30,HR,165420,2016-10-05,Faisalabad,,58
EMP0469,Tahira Hameed,Female,28,Operations,36501,2011-06-25,Peshawar,03129182726,82
EMP0470,Noreen Raza,Female,,Marketing,106929,2023-09-04,Islamabad,,88
EMP0471,Fatima Anwar,female,24,sales,65194,2010-08-28,Faisalabad,003044372429,37
EMP0472,Tariq Qureshi,Male,-5,Sales,"$32,225",01/14/2020,Quetta,03022806896,85
EMP0473,Akram Siddiqui,Male,36,Operations,183232,01-08-2018,Islamabad,,75
EMP0474,Rabia Sheikh,Female,59,IT,,2022-11-06,Islamabad,03220757966,59
EMP0475,Rukhsar Rizvi,Female,47,Operations,108443,2015-02-06,Islamabad,03126255108,74
EMP0476,Usman,Male,37,HR,181046,Jan 2020,Islamabad,03366467984,41
EMP0477,Javed Khan,Female,95,Operations,148268,2010-05-28,Lhr,+92-3454767455,11
EMP0478,Rukhsar Qureshi,Female,28,HR,57228,2018-11-02,Rawalpindi,03166033776,44
EMP0479,Akram Mirza,Male,48,Finance,146291,2023-02-18,Islamabad,0337-450-0417,65
EMP0480,Noreen Farooq,FEMALE,44,Operations,165919,2022-01-14,Isb,03276148102,30
EMP0481,Shahid Javed,Female,46,Sales,146016,2017-02-21,Sialkot,03487832640,Good
EMP0482,Fatima Rehman,Male,26,IT,173947,2023-05-31,Multan,03285581549,56
EMP0483,Sadia Zaidi,Female,49,Marketing,184335,2023-04-30,Peshawar,+92-3166543141,29
EMP0484,Noreen Saleem,Female,30,Operations,180539,,Sialkot,03091154743,78
EMP0485,Majid Anwar,Male,32,Sale,196344,2016-07-25,Multn,03081380018,43
EMP0486,Hassan Zaidi,Female,-10,HR,135656,2014-05-27,Quetta,03437287550,
EMP0487,Salma Khan,Male,47,Sales,185784-,2019-09-24,Multan,,33
EMP0488,faisal aslam,Female,27,Sales,"$188,986",2018-11-21,Islambad,03288530951,43
EMP0489,Kamran Mirza,Male,36,Sales,212082,2010-07-30,Gujranwala,03243018218,88
EMP0490,Hina Saleem,Female,12,H.R,,28-10-2018,,0349-855-2975,11
EMP0491,Fatima Rehman,F,49,Sales,249401,2017-09-17,Gujranwala,03470111368,53
EMP0492,Sana Ahmed,Female,30,Sales,45883,,Sialkot,003196300248,25
EMP0493,NADIA JAFRI,MALE,,Operations,38828,02-01-2015,Quetta,0300XXXXXXX,Poor
EMP0494,Imran Kiani,Male,26,IT,146291,2020-05-07,Faisalabad,03286094420,28
EMP0495,Faisal Khan,M,51,Sales,248241,2021-09-23,Islamabad,0336-451-1793,46
EMP0496, Parveen Malik ,Male,47,HR,249039,09/19/2010,Multan,03228155906,83
EMP0497,Ali Naqvi,FEMALE,22,Finance,130787-,2010-04-05,Karachi,03198342130,28
EMP0498,SADIA REHMAN,Female,58,Operations,167605,09/01/2020,Lahore,03445614444,73
EMP0499,Parveen  Hussain,Male,42,Finance,49125,2016-10-15,,03039785413,14
EMP0500,akram saleem,Female,twenty-five,Finance,63696,14/07/2015,Lahore,03297518448,99
EMP0501,Imran Hameed,female ,36,Finance,199328,2017-09-30,Peshawar,0337 469 7129,36
EMP0502,Hina Yousuf,MALE,38,,195879,24-01-2021,Faisalabad,03428718144,100
EMP0503,Ahmed Sheikh,Female,54,Finance,35957,16-06-2023,Karachi ,003439391511,64
EMP0504, Rizwan Rizvi ,Female,49,Marketing,68501,2011-02-07,Lahor,03394672838,85
EMP0505,Irfan Javed,Female,29,Sales,Rs. 132422,2015-11-09,Islamabad ,03093335181,86
EMP0506,Parveen Akhtar,Female,34,FINANCE,75490,2012-04-02,Rawalpindi,,30
EMP0507,Salma,Male,39,,186385,2016-09-19,Peshawar,03245353959,78
EMP0508,Tariq Hameed,Male,41,Marketing,142931,2016-01-22,Islamabad,N/A,Excellent
EMP0509,Waqar Hameed,Male,23,I.T,186863,2011-01-26,Faisalabad,03040587363,49
EMP0510,Salma Khan,Male,49,HR,204421,12/24/2019,,03335560882,19
EMP0511,Tahira Akhtar,Male,40,Finance,44029,08/20/2015,Faisalabad,03219568531,54
EMP0512,,,,,,,,,
EMP0513,Rabia Butt,Male,58,Sales,113481,,Peshawar,03113029672,84
EMP0514,Ayesha Rehman,FEMALE,41,Finance,Rs. 49252,2015-09-24,Karachi,03064250582,-10
EMP0515,Irfan Durrani,Male,33,Sale,106629-,00-00-0000,Lahore,03275682810,13
EMP0516,Omar Aslam,M,33,Marketing,190370,2022-08-05,,03367432865,46
EMP0517,Salma Aziz,female ,56,Finance,169348,2018-07-27,Gujranwala,,86
EMP0518,Waqar Anwar,Male,,Operations,5000000,2011-09-29,Peshawar,0317-950-5854,
EMP0519, Ali Sheikh ,Female,56,HR,91846,2015-02-10,Islamabad,03321245841,79
EMP0520,Noreen Aziz,Male,26,Finance,178516,2020-12-18,Karachi,0317-452-2685,42
EMP0521,asad raza,Male,58,Finance,Rs. 88451,2012-10-10,QUETTA,03176203738,64
EMP0522, Nadia Sheikh ,Male,39,Marketing,179792,17-08-2016,Rawalpindi,03275304816,63
EMP0523,Mariam Naqvi,F,51,Sales,29296,01-11-2013,Islamabad,0325-015-0882,45
EMP0524,Rukhsar Hashmi,F,40,Operations,138470,2013-05-16,Karachi,03324787933,55
EMP0525,Salma Rizvi,Female,26,Marketing,123441,2021-08-04,,03358957873,48
EMP0526,Nadia Khan,Male,26,Finance,163497,TBD,Lahore,03226978567,3.5
EMP0527,Nasreen Aziz,Male,34,Marketing,64479,2022-07-23,Faisalabad,,30
EMP0528,Ayesha Rizvi,Male,32,,30084,,Sialkot,03061158360,50
EMP0529,Faisal Raza,M,,,86636,2018-02-10,Karachi,03115059637,21
EMP0530,Fatima Aziz,MALE,33,Finance,35756,2020-01-03,Sialkot,+92-3418697572,36
EMP0531,Muhammad Raza,Female,32,Finance,Rs. 62221,2023-05-08,Sialkot,03070724532,65
EMP0532,Hina Kiani,Male,59,,111914,2017-08-31,Karachi,03332568467,4
EMP0533,Irfan Aziz,Female,25,HR,101848,2012-04-17,Peshawar,03373208859,15
EMP0534,Parveen Khan,M,60,Marketing,173377,2013-02-06,Rawalpind,03225257708,500
EMP0535,Naveed Yousuf,Female,-5,Marketing,122958,2016-03-12,Karachi,03018525908,Excellent
EMP0536,Zainab Rehman,Female,23,IT,5000000,2014-11-10,Rawalpindi,03193708333,61
EMP0537,Bilal Zaidi,Female,31,Marketing ,55432,2023-02-01,Gujranwala,03481627632,53
EMP0538,Samina Aslam,female,51,Finance,244375,2015-02-23,Faisalabad,03440091130,19
EMP0539, Zainab Kiani ,Female,twenty-five,Operations,217086,2015-01-16,Quetta,03026336260,62
EMP0540,Irfan Qureshi,Male,34,Marketing,169803,2011-02-17,,03082777174,59
EMP0541,Majid Durrani,Male,42,HR,78435,2011-05-03,Faisalabad,03170036941,19
EMP0542,Faisal Butt,Female,25,marketing,55846,04/29/2016,Quetta,03295133330,46
EMP0543,Hassan Butt,Male,34,HR,177458,2012-06-12,Lahore,03257201053,6
EMP0544, Tariq Naqvi ,Male,49,HR,146471,01/13/2011,Rawalpindi,03292880952,-10
EMP0545,Sadia Kiani,F,29,Operations,,2010-08-10,Quetta,03155769312,22
EMP0546,Shazia Kiani,Male,43,I.T,114070,2018-06-27,Lahore,03314247464,93
EMP0547,Kamran Jafri,Female,49,IT,112683,2010-02-25,Rawalpindi,003316293604,76
EMP0548,Akram Ansari,Female,59,sales,106760,09/23/2022,Peshawar,+92-3134723692,Excellent
EMP0549,Irfan Sheikh,Male,33,it,65185,"March 15, 2019",Faisalabad,03063180637,93
EMP0550,Shazia  Hussain,male ,39,Sales,247753,01-06-2019,Sialkot,03116186113,84
EMP0551,Asad Rizvi,FEMALE,48,Finance,245071,2021-11-05,Faisalabad,03186911749,31
EMP0552,Parveen Rehman,Male,31,Operations,fifty thousand,2022-09-16,Karachi,03378461297,84
EMP0553, Samina Rizvi ,Female,37,Finance,99800,Not Available,Islamabad,03082591844,67
EMP0554,KAMRAN RIZVI,Male,43,Operations,148132,2011-02-14,Queta,03029075511,53
EMP0555,Parveen Akhtar,Female,56,Operations,138495,2018-10-06,Quetta,03166105911,14
EMP0556, Rabia Hussain ,Female,-10,Finance,53454-,2012-07-16,Gujranwala,0335-692-4109,72
EMP0557,Kamran Aziz,Female,twenty-five,IT,81065,2021-11-12,Karachi,03354246409,52
EMP0558,Ayesha Ansari,MALE,29,Operations ,166383-,21-08-2023,lahore,03371187250,80
EMP0559,Noreen Ansari,Female,thirty,Sales,100290,,Lahore,03334068341,80
EMP0560,Majid Jafri,M,twenty-five,Operations,Rs. 93878,,Gujranwala,+92-3257825619,2.8
EMP0561,Rizwan Raza,Male,28,IT,26949,2010-01-01,Gujranwala,03233368501,28
EMP0562,Sana Khan,Female,26,SALES,33103,2019-03-02,Karachi,03088367287,53
EMP0563, Hassan Raza ,Female,48,I.T.,129818,2011-03-15,Sialkot,03376283981,40
EMP0564,Imran Kiani,Female,,Operations,70034,2014-08-03,Faisalabad,03165783051,38
EMP0565,Noreen Zaidi,Female,40,HR ,88640,2017-01-25,Peshawer,0300XXXXXXX,26
EMP0566,Rabia Ansari,Female,34,Marketing ,89385,---,Peshawar,03218652877,44
EMP0567,Bilal Hameed,Female,33,SALES,52790,Not Available,islamabad,,98
EMP0568,Rizwan Ahmed,Male,31,Marketing,49643,2013-02-17,Lhr,03350095902,56
EMP0569, Naveed Kiani ,Female,twenty-five,Sales,173946,2017-10-13,Islamabad,03140578143,89
EMP0570,Parveen Hashmi,Female,50,Marketing,126827,2010-11-27,Sialkot,03282437391,4
EMP0571,Rabia Ansari,FEMALE,36,Operations,1000,2011-09-17,Quetta ,03477685146,33
EMP0572,Faisal Javed,Female,49,Sales,133929,03/27/2018,Multan,03142264369,84
EMP0573,usman raza,Female,47,Finance,"$66,491",2010-05-20,Gujranwala,03098655223,91
EMP0574,waqar hashmi,Male,120,Marketing,one lakh,2020-08-27,Peshawar,03078918830,26
EMP0575,Muhammad Malik,Male,23,IT,"$114,369",2010-04-17,Rawalpind,03158070969,84
EMP0576,Parveen Baig,Male,38,HR ,44502,TBD,PESHAWAR,Not Given,82
EMP0577,Irfan Javed,Male,58,Sales,99137,2022-12-26,LAHORE,03311577154,93
EMP0578,RIZWAN IQBAL,Male,24,Finance,N/A,2015-12-11,Pesh,,54
EMP0579,Tahira Durrani,Female,-10,IT,1000,2018-10-16,Peshawar,03489006498,Excellent
EMP0580,Shahid Saleem,M,54,IT,N/A,2010-07-24,multan,03224229923,8
EMP0581,Samina Ansari,male ,32,Sales,123568,2022-02-25,,0343 544 7599,3.5
EMP0582,Omar Kiani,Male,42,Marketing,149150,17-06-2014,Lahore,03227023871,61
EMP0583,Naveed  Kiani,FEMALE,25,OP,206287,2018-04-28,Quetta ,03092310958,61
EMP0584,Rukhsar Khan,Female,,IT,176095,2010-12-01,Faisalabad,03141470269,59
EMP0585,Majid Jafri,Male,42,IT,215137,2013-02-14,Peshawar,03254551385,93
EMP0586,Nasreen Rizvi,Male,56,It,121743,2017-07-11,,03145150315,34
EMP0587,Akram Hameed,Female,52,HR,Rs. 165778,2016-03-11,Faisalabad,0339 377 1055,
EMP0588,Rabia  Mirza,Female,59,It,75013,2021-01-02,Islamabad,03310940923,23
EMP0589,imran saleem,Male,59,Sales,35323,25-04-2021,Karachi	,03263995555,2
EMP0590,Arif Naqvi,M,25,IT,40472,2012-11-26,Karachi ,03070895240,30
EMP0591,Asad Raza,Male,25,,232231,2017-01-02,Rwp,03118872420,Good
EMP0592,Bilal Akhtar,Male,54,Sales,205029,2013-03-04,Karachi,03144231730,55
EMP0593,Hina Rizvi,Female,54,OP,81717,2011-01-16,RAWALPINDI,03437107234,91
EMP0594,Parveen,Female,56,FINANCE,168273,2016-09-16,Faisalabad,003111034506,34
EMP0595,Majid Aziz,Female,27,Sales,247095,2016-03-19,Lahore,0328 656 5177,59
EMP0596,Imran Zaidi,Male,56,Operations,148570,2015-06-03,Peshawar,03356302514,60
EMP0597,Usman Jafri,Female,22,Sales,215795,2021-12-08,Gujranwala,03128104420,72
EMP0598,Rizwan Ali,Female,51,Sales,175018,06-01-2014,Rawalpindi,03057281975,15
EMP0599,Samina Ahmed,Female,22,IT,10000000,TBD,Faisalabad,+92-3123315575,60
EMP0600,Bilal Jafri,Male,25,Finance,124113,2019-02-21,Islamabad,03170068642,Poor
EMP0601,Imran Zaidi,M,45,Operations,234536,Jan 2020,Karachi,03115526598,34
EMP0602,Rukhsar Naqvi,M,29,Marketing,"$158,066",2015-05-30,Multan,03062025032,33
EMP0603,Sadia Hashmi,F,26,Sales,120739,2016-12-20,peshawar,03076600213,39
EMP0604,Tahira Ahmed,Female,39,IT,76847,2014-05-13,Peshawar,03473092709,94
EMP0605,Nadia Rehman,Male,41,HR,247886,2020-12-05,Lahore,+92-3166245148,34
EMP0606,NADIA ANWAR,female,26,Mktg,103792,2020-10-16,Multan,03195843097,58
EMP0607,Nasreen Mehmood,Male,57,Sales,113109,2020-06-24,Islamabad,0332 186 2766,53
EMP0608,Salma Mirza,Male,twenty-five,Marketing,61048-,2015-02-12,Peshawar,,70
EMP0609,Omar Kiani,Male,60,Sales,131461,2021-05-07,Karachi,0313 823 0458,23
EMP0610,Farah Khan,Female,47,HR,209983,2011-03-15,Islamabad,03221893154,38
EMP0611,Hassan Saleem,Female,55,HR,96800,2016-01-05,Peshawar,03012909870,22
EMP0612,Nadia Siddiqui,Male,28,Sales,146498,2010-05-28,Faisalabad,0341 063 9872,41
EMP0613,Farah Rehman,Female,59,HR,10000000,2016-03-28,Mltn,03140042541,45
EMP0614,Muhammad Farooq,Male,22,Operations,187080,2014-12-11,multan,03317367600,3.5
EMP0615,Rabia Mirza,F,46,Sales,166839,2012-02-20,Sialkot,03466692915,33
EMP0616,Muhammad Butt,M,thirty,Operations,,,,03038813492,200
EMP0617,Hassan Rizvi,F,40,Sales,73775,2013-09-07,Gujranwala,03232704265,87
EMP0618,Ayesha Jafri,Male,30,Finance,10000000,2014-05-17,rawalpindi,03170163745,45
EMP0619,tahira malik,Female,51,Sales,116588,2013-05-11,rawalpindi,0348-960-3125,5
EMP0620,Samina  Ansari,Male,thirty,HR,63890,2011-10-01,Multan,03464727631,50
EMP0621,Rukhsar Siddiqui,Female,24,Finance,134142,2020/25/12,Qta,03196157718,26
EMP0622,Noreen Akhtar,Male,22,Operations,217260,2020-05-27,Faisalabad,03322607831,98
EMP0623,Ahmed Baig,male,-5,HR,69140,2013-09-16,Rawalpindi,03216606138,65
EMP0624,Farah Kiani,Male,,IT,"$68,782",2018-06-25,Islamabad,0309 656 5693,21
EMP0625,Tariq Ali,Female,46,IT,33678,2013-05-07,Faisalabad,03422252693,86
EMP0626,KHADIJA AZIZ,Female,38,Marketing,90281,2022-04-10,Peshawar,03448182780,40
EMP0627,Kamran Mehmood,Female,thirty,Operations ,80211,32-13-2020,Rawalpindi,03234365277,5
EMP0628,Rabia Anwar,Male,53,Marketing,226795,2014-05-28,Sialkot,03491785816,16
EMP0629,Sadia Akhtar,MALE,37,,166758,2010-08-28,Isb,03083554537,80
EMP0630,Parveen Mehmood,Female,34,marketing,"$70,578",2013-01-07,Sialkot,03475015772,200
EMP0631,Sana Butt,Male,36,Sales,169919,2017-01-03,Peshawar,03282147956,71
EMP0632,fatima ahmed,Female,52,Operations,245891,"March 15, 2019",Gujranwala,03414363594,40
EMP0633,Sana  Khan,Male,23,Operations,,2013-09-24,LAHORE,03449976778,20
EMP0634,Fatima Hussain,Female,forty,,220103,2011-07-25,Islamabad,Not Given,55
EMP0635,Zainab  Anwar,Male,50,IT,239868,2022-02-04,Peshawar,03365178770,54
EMP0636,Salma Mehmood,Female,46,HR,91433,2014-12-23,quetta,+92-3292648891,48
EMP0637,Imran Durrani,F,56,Sales,fifty thousand,2020-05-31,Karachi,03061970557,27
EMP0638,Waqar Rehman,Female,200,Finance,Rs. 48928,2020-12-19,Rawalpindi,03129281243,65
EMP0639,Parveen Khan,Male,thirty,Operations,36093,2020-03-04,multan,03097441279,92
EMP0640,Asad Iqbal,Female,44,OP,116781,2023-09-05,Peshawar,03155317894,79
EMP0641,Fatima Aslam,Female,39,Sales,243719,03/04/2018,Karachi,03373625618,31
EMP0642,Noreen,Male,41,Operations,88116,2016-05-21,Multan,03353333288,99
EMP0643,Parveen Mirza,Female,41,IT,235327,2013-11-25,Karachi,03080984616,92
EMP0644,Shahid Qureshi,Female,60,Finance,199996-,,Rwp,03236281402,75
EMP0645,Akram Durrani,Male,forty,Marketing,193762,2021-01-21,Sialkot,03167057864,-5
EMP0646,Bilal Jafri,Male,22,FINANCE,"$40,358",2010-12-08,,0344 520 0542,
EMP0647,Shahid Hussain,Male,27,IT,237225,,Faisalabad,+92-3422123631,44
EMP0648,Majid Ansari,Female,26,Finance,25589,2018-09-30,Peshawar,03364918951,41
EMP0649,Asad Raza,Female,54,IT,121100,2017-12-10,Multan,03190721220,80
EMP0650,Nasreen  Qureshi,Female,22,Finance,128443,2013-06-20,Peshawar,03230446613,11
EMP0651, Nasreen Jafri ,Female,46,it,"$94,327",2012-08-25,Rawalpindi,0306 558 8616,83
EMP0652,Muhammad Butt,FEMALE,52,marketing,101447,2020-06-21,Faisalabad,03263214873,51
EMP0653,Ayesha Jafri,Male,150,Sales,N/A,2016-06-23,Quetta,03492353546,52
EMP0654,Nasreen Ahmed,Male,49,IT,203608,08/30/2014,Gujranwala,03090547146,76
EMP0655,waqar yousuf,Male,54,it,39643,10-10-2018,Lahore,03021432003,64
EMP0656,samina qureshi,Female,47,Sales,170488,2016-05-11,PESHAWAR,03081509657,13
EMP0657,Majid Qureshi,M,55,Operations,183438,2017-04-28,Quetta ,03013533390,89
EMP0658,Imran Rizvi,Male,26,IT,85011,2020/25/12,Karachi,03470635467,69
EMP0659,Bilal Ansari,Male,50,HR,35623,2012-10-27,Rawalpindi,03381787784,71
EMP0660, Samina Kiani ,Female,32,HR,234410,2022-09-21,Gujranwala,03326146074,41
EMP0661,Tahira Zaidi,F,60,Sales,29488,2021-05-06,Lhr,03334206172,40
EMP0662, Naveed Malik ,Female,31,Sales,226855,2022-07-03,Lahore,03043372509,4.2
EMP0663,Omar Rizvi,Female,57,IT,75071,2018-05-08,Sialkot,03162986889,18
EMP0664,Faisal  Sheikh,Male,10,Operations ,43114,2019-09-05,Islamabad,0336-640-4731,150
EMP0665,nadia akhtar,Female,46,IT,103732,11/05/2023,Rwp,03239417237,
EMP0666,Samina Kiani,Female,52,Marketing,126980,2014-05-14,Sialkot,Not Given,13
EMP0667,Rizwan Mirza,Female,57,,153905-,2016-04-03,Quetta,03146726260,59
EMP0668,Zainab,Female,53,HR,Rs. 87182,2022-02-17,Quetta,03365396292,-10
EMP0669,USMAN RIZVI,female ,60,Marketing,183973,2012-01-08,Faisalabad,03164788919,20
EMP0670,Farah Rehman,Female,22,Sales,158060,2014-11-28,Lhr,03295588023,31
EMP0671,Rabia Baig,Female,22,Operations,186558,2013-04-15,Sialkot,03063927336,-1
EMP0672,Naveed Farooq,Male,39,IT,131870,2020-05-10,Lahor,03296281310,20
EMP0673,Javed Mehmood,Female,43,,Rs. 70689,10-03-2017,Rawalpindi,03013344072,55
EMP0674,Arif Ansari,Female,54,IT,"$117,701",2021-07-18,Faisalabad,03191228073,65
EMP0675,Samina Hameed,Male,45,Sales,194027,21-11-2012,Rawalpindi ,003346784982,4
EMP0676,Nasreen Raza,Male,40,Finance,39814,2017-06-25,Karachi,0329-348-5270,89
EMP0677,Akram Rizvi,Female,58,HR,47761,2013-05-21,LAHORE,03127217582,36
EMP0678,Kamran Jafri,Male,22,Operations,Rs. 39357,2022-05-24,Lhr,03376459478,30
EMP0679,Kamran Durrani,Female,26,Sales,111743,2023-07-01,Faisalabad,03478343137,64
EMP0680,Shahid Javed,M,32,Operations,248233,2011-12-07,Quetta,0336-133-1534,89
EMP0681,Hassan Hashmi,Female,59,Finance,71853,2011-06-04,Faisalabad,03181942653,96
EMP0682, Zainab Farooq ,Female,37,Sale,128536,2017-05-01,Sialkot,03354304966,49
EMP0683,Parveen Naqvi,Female,29,Operations,fifty thousand,2019-10-17,QUETTA,03356919936,69
EMP0684,Khadija Mehmood,Female,28,Sales,217004,2022-08-14,Multan,03072830616,2
EMP0685,Nasreen Butt,Female,25,Operations,131376,2013-03-14,Rawalpindi,03227621753,93
EMP0686,Irfan Malik,Female,28,Sales,173712,07-07-2012,Karachi	,,28
EMP0687,Kamran Ali,Female,48,Finance,126073,2019-08-13,Gujranwala,0331 622 5199,24
EMP0688,Ahmed Naqvi,F,30,Operations,86633,2019-08-18,Karachi,03421180661,52
EMP0689,MARIAM HUSSAIN,Female,38,Operations,103717,,Multan ,03261376074,6
EMP0690,Majid Ali,Male,39,Sales,142718,2014-09-29,Islamabad,+92-3147400852,91
EMP0691,Majid  Durrani,Male,32,HR,235036,2019-02-05,Faisalabad,03377990328,77
EMP0692,Omar Zaidi,Male,60,Operations,Rs. 66789,2022-12-19,Islamabad,+92-3420695957,36
EMP0693,TAHIRA YOUSUF,Female,43,Operations,151033,2018-11-17,Peshawer,03454704247,34
EMP0694,Rukhsar Siddiqui,male,25,IT,70603,09/18/2022,Karachi ,03148036435,-5
EMP0695,Omar Durrani,F,29,,31417,2012-09-01,Karachi,003090406762,1
EMP0696,Salma Mehmood,Male,48,Sales,249436,2019-09-25,Sialkot,03296924611,57
EMP0697,Nadia Malik,Male,,HR,178742,2017-08-18,Multan,03261505306,62
EMP0698,Rizwan Hameed,Male,46,Finance,30383,2018-01-20,Karachi,03170455694,96
EMP0699,Zainab Butt,Female,,It,133433,2021-10-20,Rwp,03410715296,500
EMP0700,Majid Zaidi,Male,35,Operations,189242,2012-04-17,Faisalabad,03453627471,87
EMP0701,Sana Farooq,Female,,Operations,110511,2017-07-29,Rawalpindi,03151384518,1
EMP0702,Imran Yousuf,Female,47,Sales,37822,2023-06-02,Lahore,+92-3274498654,11
EMP0703,Sadia Saleem,Female,47,Finance,181699,2019-07-19,Peshawar,03191386119,84
EMP0704,Nadia Javed,Female,54,H.R.,40642,08/25/2014,Lahore,03210662804,52
EMP0705,Asad Mehmood,Female,29,Finance,112572,2011-08-03,karachi,03092535681,99
EMP0706,Hina Hameed,Female,,HR,122954,2021-03-14,Multan,003280542438,4.2
EMP0707,Parveen Akhtar,Female,36,Marketing,46274,2014-05-19,Rawalpindi,03083550461,8
EMP0708,Muhammad Zaidi,M,31,Ops,178483,06/01/2011,Lahore,03437967928,16
EMP0709,Tariq Aslam,Female,53,Finance,73359,2014-09-06,Faisalabad,03085839021,54
EMP0710,ZAINAB KHAN,Female,thirty,HR ,229387,,Lahor,0348 933 0095,11
EMP0711,Muhammad Butt,Male,44,HR,52150,01/23/2012,Multan,03062144567,Average
EMP0712,Majid Kiani,Male,55,I.T,158278,2013-02-05,Rawalpindi,03193720583,17
EMP0713,Hina Aziz,male,23,HR,232093,2023-04-02,Gujranwala,03490457943,98
EMP0714,Ayesha Khan,male,49,Finance,48451,2022-05-29,Peshawar,03125975293,69
EMP0715,Rukhsar Hussain,Male,55,Operations,105608,2011-04-17,MULTAN,0329-096-8403,33
EMP0716,Irfan Mirza,Female,200,Finance,129658,2014-01-19,Karachi,03472620182,49
EMP0717,Naveed Hameed,Male,46,Sales,167471,2016-11-19,Gujranwala,03481276933,56
EMP0718,Parveen Ahmed,Male,33,Fin,145662,2016-02-23,Isb,03136330288,200
EMP0719,Samina Anwar,Female,12,IT,42269,2019-06-02,Gujranwala,,76
EMP0720,Ayesha Jafri,Male,22,IT,53663,2021-10-06,Sialkot,03312912578,46
EMP0721,faisal aslam,Female,27,Sales,"$188,986",2018-11-21,Islambad,03288530951,43
EMP0722,Akram Iqbal,Female,-10,Operations,125599,2021-06-21,Lahore,03069400145,6
EMP0723,Waqar Javed,Female,47,IT,140482,2015-03-11,Quetta,03189469712,
EMP0724,rabia hussain,female,43,Marketing,197923,2020-02-29,Faisalabad,03263405043,39
EMP0725,Salma Saleem,Female,24,operations,239587,07/09/2017,,03421359892,200
EMP0726, Javed Anwar ,Female,forty,Sales,109320,2017-07-29,Lahore,03025824860,-5
EMP0727, Ayesha Jafri ,Female,,HR,230448,2013-08-26,Faisalabad,03031685822,Average
EMP0728,Imran Butt,Female,54,Sales,39723,,Faisalabad,03399371814,96
EMP0729,OMAR MEHMOOD,Female,56,HR,225118,"March 15, 2019",Multn,03146712168,98
EMP0730,Mariam Hashmi,FEMALE,56,IT,64753,29-06-2017,Qta,N/A,43
EMP0731,Rukhsar Aslam,Male,27,Marketing,fifty thousand,---,Sialkot,03020394529,62
EMP0732,akram raza,Male,43,Finance,65144,2011-12-26,Quetta,,44
EMP0733,Usman Hussain,male,52,Ops,142922,2012-12-01,Sialkot,03324762588,52
EMP0734,Rukhsar Aslam,Male,30,Finance,42663,2022-11-30,Sialkot,0337 036 4220,21
EMP0735,Imran Aslam,Female,47,Operations,"$92,592",2016-10-27,Rawalpindi,03316203566,23
EMP0736,Khadija Khan,Female,60,Operations,fifty thousand,2022-11-24,Karachi,0313 587 0212,69
EMP0737,Shahid Farooq,Female,47,IT,200229,2010-09-15,Islamabad ,0317 982 2750,69
EMP0738,Ayesha Hashmi,Male,52,Marketing,232690,2015-11-09,,+92-3469060861,55
EMP0739,Sana Siddiqui,Female,56,IT,134468,2011-03-20,Karachi,03037881659,94
EMP0740,Mariam Aslam,Male,27,Finance,151247,2023-02-25,Gujranwala,03126373743,57
EMP0741,Ayesha Yousuf,F,27,Sales,"$130,634",2018-04-16,Multan,,52
EMP0742,Rukhsar Mirza,female,34,Operations,88419,Last Year,LAHORE,03028042523,9
EMP0743,Tahira Ali,Male,51,SALES,211057,2023-05-14,Peshawar,003096300090,30
EMP0744,Noreen Aslam,Female,120,,"$55,159",2011-02-12,peshawar,03220739634,3.5
EMP0745,ALI BUTT,Female,40,I.T.,,07/24/2017,Peshawar,03438033490,55
EMP0746,Kamran Hussain,Male,48,Operations,234861,2013-10-05,Pesh,03486812126,-5
EMP0747,Majid Qureshi,M,55,Operations,183438,2017-04-28,Quetta ,03013533390,89
EMP0748,Noreen Hameed,male,28,HR,96287,,,03427861801,
EMP0749,Omar Rehman,MALE,45,Operations,86930,2013-01-31,Gujranwala,03246702832,50
EMP0750,Shazia Siddiqui,Male,,MKTG,190553,32-13-2020,Faisalabad,03056754892,57
EMP0751,fatima farooq,Female,57,HR,1000,2010-12-18,Lahore,0329 602 2455,63
EMP0752,Sana Khan,F,51,Finance,38903,2023-07-25,Sialkot,03111122998,94
EMP0753,Naveed Siddiqui,Female,26,IT,81874,2017-09-07,Karachi,,4.2
EMP0754,Tariq Kiani,Male,28,Marketing,36248,,Karachi,0313-705-7075,77
EMP0755,ARIF KIANI,male,,,85421,26-03-2011,lahore,0346-357-2753,52
EMP0756,Imran Mirza,Female,35,HR,115764,2019-03-23,Rawalpindi,Not Given,57
EMP0757,Rizwan Rizvi,F,58,IT,64593,2010-01-19,Peshawar,0318-095-9857,54
EMP0758,Bilal  Farooq,Male,31,HR,198279,2021-02-16,Karachi,0331-014-6265,25
EMP0759,Waqar Raza,Male,51,Operations,"$101,710",2014-12-26,Karachi,0347 653 2552,94
EMP0760,AHMED BUTT,Female,42,Operations ,Rs. 119561,2020-05-21,ISLAMABAD,+92-3110586267,
EMP0761,Ahmed Butt,Male,,Sales,53080,2010-04-10,Faisalabad,+92-3375530149,57
EMP0762,Sadia Malik,Female,54,Operations,,2016-06-26,Karachi,+92-3195317472,85
EMP0763,Shazia Farooq,M,54,Marketing,"$174,513",2011-09-07,Islamabad,03089942779,50
EMP0764, Hassan Farooq ,Male,27,Operations,222004,2018-10-16,Karachi,003320077458,73
EMP0765,Shazia  Javed,Female,60,Marketing ,126827,,Karachi,03394907623,45
EMP0766,Akram Rehman,male ,34,IT,173738,2019-06-09,PESHAWAR,03332652329,98
EMP0767,Sadia Butt,Male,52,IT,87796,2018-06-16,Rawalpindi,03294397189,62
EMP0768,Zainab Javed,Male,53,FINANCE,106495-,2011-08-04,,03448230181,94
EMP0769,Fatima Aziz,MALE,33,Finance,35756,2020-01-03,Sialkot,+92-3418697572,36
EMP0770,Muhammad Ahmed,Male,,MKTG,131251,,Rwp,+92-3057578121,66
EMP0771,Faisal Iqbal,Female,,Operations,65371,2023-05-17,Quetta,03079393678,150
EMP0772,FATIMA IQBAL,Male,39,Operations,142949,2021-05-14,Faisalabad,03272924221,95
EMP0773,Rukhsar Rehman,Female,60,Finance,2000,2023-08-10,,+92-3417721842,35
EMP0774,Rizwan  Anwar,M,47,Marketing,60892,2021-08-03,Lhr,03258162197,16
EMP0775,Hina Rizvi,F,56,HR,157254,,,03113427039,56
EMP0776,Asad Raza,Male,36,It,142878,2014-04-30,Sialkot,03343806025,45
EMP0777,Zainab Raza,Female,52,HR,92539,2018-01-14,Karachi,03459777340,27
EMP0778,Arif Raza,Female,46,,168652,2018-03-03,Peshawar,03113665284,52
EMP0779,Fatima Jafri,Male,34,Marketing,93120,28-04-2020,Karachi	,03198925470,100
EMP0780,Naveed Sheikh,male ,53,Sales,,03-05-2014,Rawalpindi ,03455260386,44
EMP0781,Arif Khan,Male,32,Operations ,64850,2016-12-10,Lahore,0339-845-9661,79
EMP0782, Rabia Ali ,Female,52,Marketing,107706,2020-08-10,,03128048094,77
EMP0783,Akram  Kiani,Female,,Sales ,103605,---,Gujranwala,03241911980,87
EMP0784,Usman Baig,M,30,Sales,200904,2017-07-11,Peshawar,0335-624-8692,35
EMP0785,Tariq Naqvi,Male,23,IT,169623,2010-05-10,Faisalabad,03112414504,11
EMP0786,zainab durrani,M,58,Sales,72872,2019-11-19,Rawalpindi,03431057613,6
EMP0787,Hina Ali,female,42,Operations,193795,2012-03-18,Peshawar,03034928985,69
EMP0788, Hina Farooq ,male,47,Marketing,fifty thousand,2022-09-20,Gujranwala,03037762332,22
EMP0789,Asad Malik,Male,50,finance,,2021-12-11,Lahor,03096836098,31
EMP0790,Majid Kiani,Male,55,I.T,158278,2013-02-05,Rawalpindi,03193720583,17
EMP0791,Imran Iqbal,male ,59,Marketing,40834,2021-03-17,Faisalabad,03121690100,54
EMP0792,Imran Akhtar,Female,5,Finance,58589,2023-06-02,Multan,0328 648 7490,9
EMP0793,Parveen Aziz,Male,46,Marketing,150875,2015-03-17,,0309-046-1541,61
EMP0794,kamran aziz,M,49,Sales,234741,2019-07-02,Gujranwala,,10
EMP0795,Faisal Mirza,Female,55,Finance,83545,2022-12-09,quetta,03488303546,30
EMP0796,Farah Malik,Female,5,,225271,2018-05-25,Lahore,03155673394,68
EMP0797,Parveen Hashmi,Female,120,Marketing,210363,2019-08-18,Multan,0306-045-4492,87
EMP0798,Nadia Khan,Female,47,Finance,97637,2013-05-01,KARACHI,03494246774,54
EMP0799,Naveed Baig,Female,46,Marketing,154363,2020-09-23,Faisalabad,03291793881,57
EMP0800,Irfan Ansari,Male,forty,Sales,138608,2022-06-15,Multan,03051878595,82
EMP0801,Sadia  Siddiqui,Female,51,,44950,2012-01-24,Karachi,03046499616,12
EMP0802,Zainab Siddiqui,Female,22,Finance,243336,2022-08-30,Islamabad,03433058100,6
EMP0803,Bilal Rizvi,Male,48,HR,194824,2019-06-19,Faisalabad,03222152478,52
EMP0804,Salma Khan,Female,120,Marketing,119407,2010-08-12,Multan,03446048156,
EMP0805,Usman Ahmed,Male,49,Finance,138932,,Multan,03184567327,65
EMP0806,Muhammad Hameed,Female,32,Sales,164975-,2012-04-30,multan,,88
EMP0807,Waqar Khan,Female,31,Marketing,177411,TBD,Gujranwala,03371103822,62
EMP0808,Sadia Javed,M,26,IT,204321,2012-11-05,Lahore,03150031322,6
EMP0809,Mariam Iqbal,MALE,30,Sales,218623,,Multan,03154315034,67
EMP0810,Akram Baig,F,51,Sales,89040,22-03-2016,Karachi,03394575982,39
EMP0811,Ahmed Butt,Female,35,IT,62849,14-11-2011,Karachi,03167858924,44
EMP0812,Usman Hameed,Female,,Sales,224845,2022-10-27,Multan,03496379228,77
EMP0813,shazia akhtar,Male,49,Finance,,2019-04-20,Islamabad,03413620505,9
EMP0814,ALI SIDDIQUI,male ,50,Sales,193248,2021-06-28,Quetta,+92-3076598922,Average
EMP0815,Hina Rizvi,Male,27,,84694,2015-12-08,Multan ,03063984939,8
EMP0816,Muhammad Naqvi,female,46,IT,178743,2017-10-13,Lahore,03228586879,35
EMP0817,Kamran Kiani,Female,36,IT,233732,2017-08-04,Sialkot,03023818540,47
EMP0818,Akram Akhtar,Male,57,Marketing,114416,2015-02-26,Multan,+92-3139907588,98
EMP0819,Faisal Khan,female,50,Operations,156311,00-00-0000,Rawalpindi,03365765838,52
EMP0820,Imran Raza,Male,25,I.T.,112966-,2022-01-02,Islamabad,0333-532-7280,86
EMP0821,Hassan Rizvi,F,49,IT,191787,10/15/2013,Multan,03173668973,
EMP0822,Salma Zaidi,Male,49,IT,232216,,Quetta,03496300355,500
EMP0823,Samina Jafri,Female,,HR,239356,2013-10-27,Lahore,03153867043,31
EMP0824,Asad Baig,Female,50,Operations,67967,13-11-2021,Islamabad,,87
EMP0825,Bilal Ahmed,Male,51,Marketing,1000,01-09-2021,Karachi,03455357151,34
EMP0826,Muhammad Anwar,Female,22,Marketing,191906,2018-12-04,Islamabad,03113550019,1
EMP0827,Muhammad Khan,Female,50,Operations,N/A,2022-05-05,Lahore,03132837888,86
EMP0828,Rizwan Mehmood,Female,33,Operations,31328,Jan 2020,Multan,03142801620,16
EMP0829,Ayesha  Iqbal,Female,44,Marketing,226009,"March 15, 2019",QUETTA,03156774328,59
EMP0830, Arif Ansari ,Female,60,Marketing,204959,2023-03-17,Quetta,03294230088,64
EMP0831,Hina Iqbal,female,25,Operations,53020,2020-08-20,LAHORE,03420129246,2.8
EMP0832,Ali  Aslam,Female,24,,199856,08/06/2012,,03239844366,44
EMP0833,Muhammad Aslam,Male,45,Sales,68321,2015-02-24,Multan,03090071728,2
EMP0834,Ahmed Baig,M,53,I.T,145456,,Gujranwala,03146896581,41
EMP0835,javed saleem,Female,45,Finance,211809,2010-11-02,Islamabad,03283636703,
EMP0836,Imran Hashmi,Female,50,SALES,60193,14/12/2018,Karachi,03076904158,55
EMP0837,Hina Hussain,Female,51,HR,192268,2021-04-14,Gujranwala,03460844847,65
EMP0838,Tariq Farooq,Female,,Finance,one lakh,2022-09-08,,03054325522,Average
EMP0839,Salma Yousuf,Male,51,HR,229672,2015-12-06,Rawalpindi,03417863308,23
EMP0840,Ayesha Sheikh,Female,37,IT,126830,08-12-2013,Rawalpindi,+92-3154542152,9
EMP0841,nasreen sheikh,Female,twenty-five,Marketing,Rs. 194233,2022-08-04,Quetta,03160245981,11
EMP0842,Irfan Aziz,Male,23,SALES,116895,2011-05-22,Islamabad,03023409058,
EMP0843,Majid Hussain,Male,43,IT,166950,2012-06-10,Islamabad,03389360217,80
EMP0844, Usman Hashmi ,Male,46,IT,"$126,482",2018-08-05,Peshawar,0324-031-8481,79
EMP0845,Usman Qureshi,Female,23,It,227758,13/07/2023,Karachi,03169614060,31
EMP0846,Majid Hashmi,Female,32,HR,223031,2013-04-28,Peshawar,03216511082,29
EMP0847,Rabia Durrani,F,44,IT,227471,04/04/2014,Rawalpindi,03199558923,61
EMP0848,Muhammad Hashmi,Female,47,Marketing,192777,2010-01-13,Sialkot,03128791420,35
EMP0849,Faisal Ali,Female,41,Finance,246134,2016-06-17,Rawalpindi,03437735636,51
EMP0850,Asad Javed,Male,31,Operations,"$136,535",2021-05-26,Faisalabad,0349-142-9275,37
EMP0851,Nasreen Kiani,Female,35,Finance,,2013-07-23,Quetta,03330691715,42
EMP0852,Khadija Hashmi,Female,37,Operations,61659,2012-01-10,Rawalpindi,Not Given,65
EMP0853,Ali Javed,Male,56,Marketing,10000000,2021-12-09,Rawalpindi,03440146046,57
EMP0854,Asad Malik,Female,49,Finance,"$93,292",,Karachi,0313-175-0109,57
EMP0855,Naveed Aslam,Female,34,HR,228387,2023-04-14,Lahore,03342291810,60
EMP0856,Bilal Baig,M,,IT,200542,2021-10-06,Islamabad,03365504245,89
EMP0857,Zainab Jafri,Male,37,IT,49513,2014-02-14,Quetta,0339-818-8826,11
EMP0858,Rabia Malik,Male,-5,Marketing,174945,2010-04-14,Faisalabad,03135669800,88
EMP0859,Arif Aziz,Female,48,I.T.,131931,2018-01-27,Karachi,003431491073,91
EMP0860,Rukhsar Baig,Female,28,H.R.,77274,2016-05-29,Peshawar,03328116129,150
EMP0861,Naveed Javed,MALE,49,Operations,236498,2018-03-24,Islamabad,03452277787,27
EMP0862,Salma Ansari,MALE,22,IT,89321,2010-12-31,Lahore,03397326280,35
EMP0863,Naveed,Female,60,Operations,105777,30/05/2014,Lahore,0337 605 4312,64
EMP0864,Nadia Ahmed,Male,27,Finance,249860,2020-10-14,Rawalpindi,0323-355-5259,75
EMP0865,Noreen Kiani,Male,44,It,73764,2017-12-22,Faisalabad,03294851039,23
EMP0866,Mariam Rehman,Male,26,IT,79206,2013-12-22,Faisalabad,03344920461,67
EMP0867,Bilal Ahmed,Male,,HR,204742,2013-10-22,Lahore,03162157064,66
EMP0868,Tariq Siddiqui,Male,25,H.R.,224799,2017-07-27,Sialkot,03088645798,82
EMP0869,Naveed Ali,Male,59,Sale,73210,2013-03-22,Quetta,0338-385-5692,19
EMP0870,Asad Akhtar,Female,26,,39902,2010-01-04,Islamabad,03010200744,150
EMP0871,Tahira Aslam,Female,thirty,Marketing,51310,2015-03-25,Rawalpindi,03135636783,49
EMP0872,Sadia Mirza,Male,28,HR,26998,"March 15, 2019",Quetta,03267239714,59
EMP0873,Javed Hashmi,female ,42,Sales,1000,2019-08-26,Islamabad,0306 610 1245,99
EMP0874,Rizwan Anwar,Male,22,Finance,154840,,Peshawar,03186858591,88
EMP0875,Faisal Aziz,Female,33,Finance,199029,2016-05-21,Karachi ,03146423591,30
EMP0876,Parveen Qureshi,Female,24,I.T.,46661,2011-01-21,Quetta,03429057175,64
EMP0877,Nasreen Butt,Female,25,Operations,131376,2013-03-14,Rawalpindi,03227621753,93
EMP0878,Ayesha Raza,Female,49,Finance,141237,2019-12-26,Rwp,03262647157,9
EMP0879,Akram Mehmood,Female,forty,marketing,218584,2022-12-29,Gujranwala,03234196785,61
EMP0880,Rabia Akhtar,Male,44,HR,227070,2018-03-21,Lahore,0319-523-0710,47
EMP0881,Majid Raza,Male,41,Operations,207807,2017-07-01,Karachi	,03166137195,85
EMP0882,Shazia Anwar,Male,30,Sales,201694,2011-09-08,Faisalabad,03412587407,87
EMP0883,Ahmed Khan,Female,57,Sale,73435,2012-08-20,Gujranwala,,59
EMP0884,Mariam Akhtar,Female,35,HR,224515,2014-01-07,Lahore,03367713287,18
EMP0885,Asad Iqbal,Female,31,IT,214864,2022-07-14,Quetta,03465909157,11
EMP0886,Imran Kiani,Female,37,Operations,33020,2013-12-03,Gujranwala,03065426389,82
EMP0887,Irfan Hameed,Male,45,Finance,90147,2017-02-12,Peshawar,+92-3129496391,80
EMP0888,Khadija Anwar,Male,60,Operations,238484,2012-03-29,Peshawar,03147141791,7
EMP0889,Bilal Hameed,Male,46,Finance,one lakh,,Multan,03280153033,10
EMP0890,Omar  Malik,female,47,Sales,183729,04-05-2014,Quetta,03335481359,
EMP0891,Usman Yousuf,Male,32,I.T.,,2022-01-28,Gujranwala,03146384571,150
EMP0892,Ayesha Iqbal,Male,47,IT,,,Multan,03277959744,11
EMP0893,IMRAN ASLAM,Male,43,HR,207081,2011-09-03,Faisalabad,03196216581,28
EMP0894,Tahira Hussain,Female,56,Sales,36147,2011-12-23,Islamabad,003121119104,13
EMP0895,Shahid Farooq,Male,44,HR,60706,2014-11-30,Faisalabad,003175269328,1
EMP0896,FARAH ANWAR,Female,120,HR,203384,2010-11-28,Gujranwala,03193476643,3
EMP0897,Sana Siddiqui,M,24,IT,84658,2012-10-23,Multan,+92-3039089965,1
EMP0898,Usman Akhtar,Female,39,Sales,247081,29-12-2022,Karachi,03011984025,7
EMP0899,Rizwan Hameed,Male,34,IT,44949,2019-11-23,Islamabad,03274457754,100
EMP0900,Shahid Siddiqui,M,36,H.R.,72992,Not Available,Karachi,03059865975,55
EMP0901,,,,,,,,,
EMP0902,Shazia Ansari,Male,46,Finance,90376,08/02/2022,Peshawar,,98
EMP0903,Hina Saleem,M,45,HR,122849,2014-11-15,Karachi,03178960359,37
EMP0904,Ali  Baig,Male,44,Marketing,248616,2022-10-09,Karachi,Not Given,75
EMP0905,Salma Rehman,MALE,22,Fin,fifty thousand,2020-11-17,Lahore,03369945416,77
EMP0906,Zainab Ansari,Female,23,Marketing,188798,2018-01-27,rawalpindi,0300XXXXXXX,8
EMP0907,Muhammad Anwar,Male,8,sales,162638,2011-06-20,Quetta,03358385021,40
EMP0908,Samina Saleem,Female,53,IT,238153,2014-06-16,Multan,03139536435,4
EMP0909,Tahira Ansari,male ,forty,HR,131954,Jan 2020,Islambad,03471740969,25
EMP0910,Majid Ahmed,Female,59,sales,93973,2021-07-11,Gujranwala,03160801453,16
EMP0911,Rukhsar Ali,Male,54,Finance,161766,2016-04-26,Rawalpindi,003255821717,19
EMP0912,Ahmed Farooq,Female,28,Operations,48851,02/14/2010,Peshawar,N/A,4
EMP0913,AHMED HASHMI,Male,5,HR,231973,2010-09-29,Peshawar,003361441320,71
EMP0914,Imran Zaidi,Male,44,IT,185490,10/08/2018,Quetta,03072618567,96
EMP0915,Hassan Hameed,Female,31,Operations,82434,31-05-2013,Sialkot,03150839673,72
EMP0916,Khadija Anwar,Male,33,IT,65175,2013-09-06,Faisalabad,0346 472 3538,98
EMP0917,Tariq,Male,58,Finance,242688,2016-11-14,Rawalpindi,03095092418,47
EMP0918,Ahmed Sheikh,Female,54,Finance,35957,16-06-2023,Karachi ,003439391511,64
EMP0919,Sana Baig,Female,43,Marketing,Rs. 81467,2015-06-10,Quetta,003147295798,34
EMP0920,Farah Zaidi,Male,24,IT,229637,2019-04-03,Sialkot,03467149990,95
EMP0921,Irfan Aziz,Male,49,Marketing,"$59,720",2019-08-03,Multan,03310664949,38
EMP0922,Bilal Hameed,Female,47,HR,180672,2022-12-03,Peshawar,03419491470,62
EMP0923,Hina Farooq,FEMALE,thirty,Operations,166889,2015-10-27,Islamabad,03294842464,94
EMP0924,Farah  Iqbal,Male,54,IT,144212,2012-04-16,Islamabad,03417598605,75
EMP0925,Rabia Hameed,Female,31,Marketing,142829,2022-02-26,Islamabad,03234963860,30
EMP0926,Parveen Qureshi,Female,58,IT,1000,2011-01-24,Multan,003268074117,39
EMP0927,Tahira Yousuf,Male,,IT,238829,15/11/2015,rawalpindi,0312 108 1940,53
EMP0928,Hassan Malik,Male,50,Sale,121667,2018-09-13,Faisalabad,+92-3175478354,94
EMP0929,Sadia Rizvi,Female,50,HR,143171,2021-01-07,Sialkot,03447303947,62
EMP0930,Sana Kiani,Male,40,IT,122548,2011-07-06,Rawalpindi,0311 731 6042,79
EMP0931, Ali Sheikh ,Female,56,HR,91846,2015-02-10,Islamabad,03321245841,79
EMP0932,Kamran Ali,Male,52,Operations,,2020/25/12,Rawalpindi,03483175374,500
EMP0933,Muhammad Ansari,F,41,Finance,111702,2010-02-16,Gujranwala,03165542411,83
EMP0934, Hassan Rehman ,Male,28,MKTG,233034,2011-11-27,karachi,03346923094,22
EMP0935,Samina Aslam,Female,35,HR,148094,2015-06-22,Rawalpindi,03180561155,57
EMP0936,Rizwan Ahmed,Female,40,Marketing,240860,2021-03-04,Gujranwala,0322-007-3485,45
EMP0937,Samina,Female,48,Operations,172170,---,Queta,03151314124,48
EMP0938,Omar Mirza,Male,55,Marketing,209252,2014-04-09,Karachi,03463884756,3.5
EMP0939,Usman Saleem,female,56,HR,,11/05/2019,Gujranwala,03465454417,61
EMP0940,fatima qureshi,Female,31,Finance,,2021-03-28,Karachi,0315-508-6729,96
EMP0941,Ahmed Kiani,Female,58,Marketing,112538,2010-07-28,Quetta,03245386115,72
EMP0942,Waqar Malik,Female,27,IT,199230,2019-11-15,Lahore,+92-3272751921,25
EMP0943,Sana Farooq,Male,60,Sales,179866,2015-08-22,Islamabad,003288621217,-5
EMP0944,Waqar Durrani,male,59,HR,41060,2010-01-04,Quetta,03313230673,-1
EMP0945,Waqar Aslam,male,38,Finance,60698,06/27/2013,Islamabad,+92-3214985096,42
EMP0946,Akram Farooq,Male,54,Marketing,,2015-05-04,Islamabad,03095469933,70
EMP0947,Ahmed Hussain,Female,,Marketing,245701,2022-12-15,Quetta,N/A,38
EMP0948, Ali Akhtar ,Male,37,Operations,34598,2017-10-21,Multan,03115645571,29
EMP0949,Majid Zaidi,Female,27,IT,52743,TBD,Gujranwala,03063198276,5
EMP0950,noreen aslam,Female,39,Operations,192366,2022-04-29,Rawalpind,03440694764,2.8
EMP0951,Shahid Rizvi,Female,28,operations,30488,2017-12-24,Multan ,0300XXXXXXX,99
EMP0952,Noreen Baig,female,57,Marketing,Rs. 129863,2022-09-13,Islamabad,0316 507 8472,40
EMP0953,Mariam Ahmed,Female,39,Finance,76304,2016-05-07,Quetta,03285055974,80
EMP0954,Imran Zaidi,female ,57,HR,156136-,2019-08-25,Multan,0339-655-1818,73
EMP0955,Parveen Mehmood,Male,52,Marketing,153938,2015-09-06,Islamabad,03192666190,Poor
EMP0956,Hassan Yousuf,Male,59,Operations ,83909,2019-07-04,Sialkot,0345 003 7019,48
EMP0957,Omar Khan,Female,,Marketing,,19-11-2022,Peshawar,003113549093,57
EMP0958,Faisal Anwar,Female,36,Sales,,31/12/2021,Multan,03497609388,
EMP0959,Shazia Durrani,Female,23,Operations ,216167,2020-08-04,Gujranwala,03094081951,44
EMP0960,Arif Yousuf,Male,51,IT,242121,08/22/2012,Rawalpindi,0332-256-8973,10
EMP0961,Akram Akhtar,female,,Operations,62930,2023-03-26,Peshawar,,25
EMP0962,Rukhsar Sheikh,Female,52,Finance,82733,"March 15, 2019",Rawalpindi,03427514300,78
EMP0963, Hina Mirza ,Female,57,Finance,173884,2018-01-21,Rawalpindi,,8
EMP0964,Nadia Malik,Female,54,Finance,91884,,Islamabad,,67
EMP0965,Rabia Saleem,M,27,it,177761,2015-12-18,Lahore,03198236069,43
EMP0966,Salma Siddiqui,Male,28,Marketing,189859,13/09/2017,Islamabad,03086534666,Excellent
EMP0967,Akram Raza,female ,22,operations,116078,2013-11-03,Karachi,03331058796,82
EMP0968,Majid Malik,Female,46,IT,119667,2021-07-18,Karachi,03372474755,91
EMP0969,Samina Sheikh,Female,47,HR,Rs. 197592,2013-11-14,Sialkot,03294456570,91
EMP0970,Irfan Hashmi,Male,27,IT,189398,32-13-2020,Islamabad,0333 399 4037,52
EMP0971,Hassan Rizvi,Male,28,Operations,99044,2013-10-07,Rawalpindi,03053938941,88
EMP0972,Usman Siddiqui,Male,24,Finance,154094,,Lahore,03174714670,96
EMP0973,Bilal Ahmed,Female,40,Operations,96464,32-13-2020,,03331462714,42
EMP0974,Hassan Ali,Female,thirty,Sales,145923,2022-05-23,Lahore,03497839168,79
EMP0975,Tahira Ahmed,Female,39,IT,76847,2014-05-13,Peshawar,03473092709,94
EMP0976,Noreen,Male,41,Operations,88116,2016-05-21,Multan,03353333288,99
EMP0977,majid akhtar,Female,25,HR,47505-,2019-02-14,Gujranwala,03345934752,13
EMP0978,Omar Sheikh,Male,49,IT,5000000,2010-08-27,Islamabad,03111726506,92
EMP0979,Omar Ali,Female,40,Marketing,209254,N/A,Islamabad,0337 938 2055,35
EMP0980,Arif Durrani,Female,,Finance,173167,,Rawalpindi,0345-960-5688,62
EMP0981,Majid Jafri,Female,39,IT,204389,Jan 2020,Rawalpindi,0337 171 1396,26
EMP0982,Asad Saleem,Female,56,IT,93945,2011-12-01,Multan,03263796351,10
EMP0983,Sadia Ahmed,male ,43,,205333,2017-12-07,Peshawar,03218218152,97
EMP0984,Mariam Yousuf,Female,50,Operations,166241,2015-06-22,Islamabad,03439649462,96
EMP0985,Farah Javed,male,56,IT,120363,2013-06-14,Faisalabad,03061517012,78
EMP0986, Mariam Butt ,Female,twenty-five,Marketing,75337,2016-02-06,Gujranwala,0325-635-2153,79
EMP0987,Waqar Butt,female ,23,Marketing,5000000,N/A,Multan,03323456666,
EMP0988,Shahid Yousuf,Female,31,HR,,2014-04-09,Rawalpindi,003310033114,68
EMP0989,Salma Zaidi,Female,39,HR,90746,2014-10-17,Islamabad,03025236678,53
EMP0990,Omar Butt,Male,,FINANCE,91772,2014-03-11,Gujranwala,03238694966,70
EMP0991,Sadia Kiani,Male,,HR,230300,2010-06-29,Multan,03146059588,40
EMP0992,Akram Durrani,Male,30,Operations,61510,2012-08-12,Islamabad,03142842080,83
EMP0993,Majid Aslam,Male,27,Finance,129564,2010-02-10,Lahore,03050602354,24
EMP0994,Irfan Zaidi,female,58,IT ,218594,2012-04-10,Multan,03213298373,76
EMP0995,Kamran Rehman,female,39,Marketing,197860,07-09-2018,Gujranwala,03218485147,Poor
EMP0996,ARIF RAZA,Male,22,Sales,161000-,2013-04-06,Sialkot,03495054536,-10
EMP0997,Tariq Anwar,female ,41,Sales,79990,2012-05-07,Islamabad,03385896671,45
EMP0998,Rizwan Kiani,M,32,HR,162346,2014-01-13,Quetta,003080437142,39
EMP0999,Arif Hussain,Female,34,Sales,189542,2021-11-14,Gujranwala,03420610410,96
EMP1000,Faisal Rehman,Female,43,Sales,212723,,Peshawar,003285910969,12
EMP1001, Hina Anwar ,male,,IT,87303,2011-03-30,Islamabad,03113409779,Excellent
EMP1002,Naveed Hameed,Female,31,HR,,01-08-2019,Gujranwala,03350018778,25
EMP1003,Bilal  Naqvi,Male,43,Sales,120142,2010-07-08,Rawalpindi,0323 694 9872,31
EMP1004,Kamran Mehmood,Male,32,Finance,105742,2016-06-23,Quetta,N/A,68
EMP1005,Hassan Siddiqui,M,53,HR,Rs. 163610,TBD,Faisalabad,03318978692,87
EMP1006,Hassan Akhtar,Male,forty,,46314,2011-06-05,Islamabad,03027360763,62
EMP1007,Naveed Rizvi,Female,25,Sales,200504,2014-03-10,QUETTA,03372391538,76
EMP1008,Fatima Yousuf,F,27,HR,87051,2020-04-21,Karachi,N/A,14
EMP1009,Noreen Jafri,FEMALE,52,Sales,"$126,284",03/04/2020,Sialkot,,36
EMP1010,Sadia Jafri,Female,45,Sales,165590,2016-01-16,Faisalabad,03384622089,Good
EMP1011,,,,,,,,,
EMP1012,BILAL SIDDIQUI,Female,60,Sales,Rs. 115599,TBD,Karachi,03293360580,80
EMP1013,Usman,Male,24,SALES,209273,Jan 2020,Sialkot,,90
EMP1014,Nasreen Butt,Male,55,HR,214553,2012-04-25,Karachi,03130906603,23
EMP1015,Sadia Ahmed,F,60,IT,63304,2021-10-05,Multan,03188918373,96
EMP1016,Kamran,Male,,,195514,2020/25/12,Islambad,+92-3088897503,4.2
EMP1017,Akram Anwar,Female,35,Marketing,232823,2017-07-22,Karachi,03393177753,76
EMP1018,Rizwan Aziz,MALE,56,Finance,"$47,668",2010-08-29,Islamabad,03189862482,28
EMP1019, Asad Qureshi ,Female,42,Finance,203346,2022-06-21,Lahore,03312152239,35
EMP1020,Muhammad Ali,Male,59,Operations,210409,2023-01-24,Lahore ,03445154848,10
EMP1021,Imran Mehmood,Male,49,HR,247068,2020-08-28,Rawalpindi,+92-3283068652,42
EMP1022, Akram Qureshi ,MALE,52,Sales,"$63,234",2020-09-26,Lahore,03091504474,2
EMP1023,Farah Malik,Female,40,Operations,68412,2020-02-20,Faisalabad,0335 005 0708,66
EMP1024,Omar  Naqvi,Male,41,Finance,64131,2011-11-21,Rawalpindi,03496261359,88
EMP1025,kamran anwar,Female,49,Operations,134507,2015-05-26,lahore,0324 578 3614,91
EMP1026,Farah Khan,Female,150,HR,"$177,217",2022-11-03,Lahor,003317097304,79
EMP1027,Zainab Akhtar,Female,50,,174450,2011-11-19,,03237569527,46
EMP1028,Arif Mirza,Female,49,IT,190550,16-04-2021,Gujranwala,03495493503,17
EMP1029,Tahira Mehmood,F,33,Sales,169867,2010-12-09,Lahore,03232745303,14
EMP1030,Parveen Aslam,Male,29,IT,"$140,956",2013-02-17,Multn,03383810099,66
EMP1031,Irfan Durrani,Male,22,Finance,5000000,2019-07-15,islamabad,,45
EMP1032,Javed Rizvi,Male,51,Marketing,one lakh,2022-03-25,Islambad,03135074424,Good
EMP1033,Shazia Anwar,Male,22,Finance,128043,2019-11-06,,03070439581,74
EMP1034,Fatima Naqvi,Male,59,Marketing,186052,2021-09-16,Gujranwala,03040513661,99
EMP1035,Shahid Rizvi,Male,28,HR,161017,08/13/2016,Islamabad,03143407750,91
EMP1036,Sadia Rizvi,Female,50,Finance,1000,2012-12-07,Faisalabad,0311 633 3941,6
EMP1037,Asad Siddiqui,Female,forty,Sales,141124,2019-01-14,Quetta,03195583659,88
EMP1038,Muhammad Siddiqui,Female,60,Finance,1000,12/12/2022,Peshawar,03191618861,55
EMP1039,Arif Hameed,female ,22,Operations,62307,2017-01-12,Sialkot,03287881130,82
EMP1040,Tariq Kiani,Male,29,Operations,"$150,483",2020-08-18,Sialkot,03033254918,49
EMP1041,rabia iqbal,Male,,Marketing,197014,2020-01-30,multan,03075184646,24
EMP1042,farah durrani,FEMALE,24,Operations,,2023-01-18,Sialkot,03134235418,82
EMP1043,Ayesha Jafri,Male,,,249355,2019-08-11,Karachi	,03025142946,36
EMP1044,Hina Zaidi,Female,52,H.R.,136579,2016-04-12,Faisalabad,03042099757,20
EMP1045,Salma Siddiqui,Male,30,Marketing,one lakh,2022-06-26,Multan,03140601506,-5
EMP1046,parveen iqbal,Male,37,,109185,,Peshawar,03447574371,51
EMP1047,Khadija Malik,Male,60,Finance,25002,2014-02-01,Islamabad,0302 495 7006,18
EMP1048,Khadija Javed,Female,53,Operations,N/A,Jan 2020,Quetta,03299029797,61
EMP1049,Imran Sheikh,Male,36,IT,100199,2020-03-21,Rwp,03146303495,72
EMP1050,FATIMA REHMAN,Female,53,Marketing,127433,11/18/2016,Gujranwala,,7
EMP1051,Javed Javed,F,43,Sales,,2011-12-06,Quetta,03436612148,75
EMP1052,Tariq Mehmood,Male,37,HR,500,,Quetta,03281949589,75
EMP1053,Mariam Aziz,Female,24,It,176852,2022-09-27,Multan,03415309049,15
EMP1054,Noreen Jafri,male,28,Operations,31666-,N/A,Islambad,003486676742,73
EMP1055,Hina Kiani,Female,45,Marketing,,2016-03-13,Multan,03337945099,9
EMP1056,Javed Hashmi,Male,46,Sales,114905,,Islamabad,03020218687,48
EMP1057,Nadia Yousuf,Male,34,IT,146419,2014-09-04,,003410324854,34
EMP1058,Imran Zaidi,Male,22,Sales,56363,2010-06-24,Rawalpindi,+92-3170147892,76
EMP1059,Imran  Yousuf,MALE,54,HR,221435,2022-04-06,Gujranwala,03160950398,2.8
EMP1060,Javed Hameed,Male,58,HR,80668,2013-02-02,Sialkot,03259828955,30
EMP1061,Rabia Ansari,Male,40,HR,201207,32-13-2020,Rawalpindi,03413233001,28
EMP1062,Noreen Aziz,Male,26,Finance,178516,2020-12-18,Karachi,0317-452-2685,42
EMP1063,Shahid Naqvi,Female,50,H.R.,500,2023-05-16,Islamabad,03030664729,38
EMP1064,Asad Yousuf,Female,-10,,133398,13-06-2022,,03133504891,28
EMP1065,Muhammad Yousuf,Male,32,HR,185156,2017-06-15,Rawalpindi,0324-895-9030,4
EMP1066,Muhammad  Farooq,Female,52,Fin,150793,2013-07-29,Sialkot,03329544638,13
EMP1067,Imran Rizvi,F,56,Sales,198770,2023-03-16,Rawalpindi,03336375893,47
EMP1068,Faisal Hameed,Female,,IT,135229,2016-06-06,Islamabad,03084113583,-1
EMP1069,Tahira Ahmed,Male,53,,159370,---,Faisalabad,03322598111,3.5
EMP1070,Nadia  Rizvi,Female,31,HR,38347,2019-09-04,KARACHI,0303 483 2894,43
EMP1071,Farah Yousuf,Female,,HR,66808,2021-08-29,Pesh,03331331521,
EMP1072, Kamran Siddiqui ,MALE,10,Sales,131569,20-03-2018,Lahore,03116069615,7
EMP1073,Nadia Javed,Male,53,Operations,,2020/25/12,Faisalabad,0349-684-4331,4.2
EMP1074,Zainab Rizvi,Male,44,Sales,141673,2011-10-31,Lahore,03056814976,95
EMP1075,Muhammad Hussain,male,27,Operations,114495,2018-11-10,Rawalpindi,03483653235,81
EMP1076,Majid Farooq,Female,41,HR,68038,,Karachi ,03084939715,32
EMP1077,Mariam Ahmed,Female,39,IT,Rs. 144266,2013-08-02,Sialkot,03333714390,45
EMP1078,Zainab Aslam,Male,59,Sales,141566,2012-11-16,Rawalpindi ,003031065267,3
EMP1079,Majid Qureshi,Male,52,IT,65856,2023-07-25,Sialkot,03299078726,26
EMP1080,Tahira Jafri,Male,32,,66907,2011-05-08,Quetta,0300XXXXXXX,89
EMP1081,Khadija Jafri,Male,46,MKTG,131216,2010-11-29,Lahore,03365990141,27
EMP1082,Parveen Khan,Male,-10,Marketing,90205,2019-03-01,Lahore,03155374164,67
EMP1083,Parveen Naqvi,F,35,it,136865,2022-12-06,Sialkot,003188795817,88
EMP1084,Javed Mehmood,Female,34,Sales,240371,2015-09-18,Sialkot,03271471521,49
EMP1085,Fatima Butt,Male,50,IT,113552,26-10-2016,Karachi,03434203842,22
EMP1086, Hina Hameed ,Male,34,Finance,159544,2012-06-03,Lahore,03326524119,150
EMP1087,Hina Zaidi,Female,52,H.R.,136579,2016-04-12,Faisalabad,03042099757,20
EMP1088,SANA RAZA,female,30,IT,37844,2016-06-08,Islamabad,+92-3450681370,34
EMP1089,Kamran Hussain,Female,52,,"$193,672",2022-02-15,Multan,03112267498,36
EMP1090,Imran Anwar,Female,39,Finance,1000,2020-07-07,Peshawar ,03428396177,44
EMP1091,Zainab Yousuf,Female,5,HR,5000000,2023-08-09,Lahore,0303 148 3603,47
EMP1092,Ali Hussain,Female,35,HR,207789,2014-09-18,Peshawar ,03138181320,-1
EMP1093,,,,,,,,,
EMP1094,NAVEED KIANI,Female,32,,133999,2013-11-13,Islamabad,03349535714,11
EMP1095,Parveen Raza,Male,twenty-five,Operations,126212,2014-01-28,Quetta ,03395928848,88
EMP1096,Salma  Hashmi,Female,26,IT,119044,Last Year,,03047775156,12
EMP1097,SHAHID ALI,Male,22,Mktg,221207,2017-12-25,Multan,0346-249-5636,6
EMP1098,SADIA ALI,Male,39,HR,148184,,Gujranwala,03411900620,48
EMP1099,,,,,,,,,
EMP1100,Omar Butt,Male,,FINANCE,91772,2014-03-11,Gujranwala,03238694966,70
EMP1101,ARIF AKHTAR,Male,48,IT,146950,---,Karachi,03238676458,73
EMP1102,Ahmed Anwar,Male,95,Sales,148290,2019-01-17,Peshawar,03355631522,55
EMP1103,TAHIRA RIZVI,Male,28,Operations,215617,01/04/2022,Peshawar,03241138547,83
EMP1104,Tahira Raza,Male,28,IT,110777,2010-11-09,Multan,03156271914,11
EMP1105,Shazia Saleem,Female,32,HR,"$162,125",2013-08-19,Karachi,03247554571,70
EMP1106,Naveed Malik,Female,twenty-five,HR,Rs. 147681,2021-04-08,Quetta,0346-599-9543,41
EMP1107,Mariam Raza,Female,,Sales,143166,2022-02-12,Peshawar,03166586109,50
EMP1108,Waqar Akhtar,Female,33,HR,132462-,2015-02-24,Gujranwala,03471762245,35
EMP1109,Shazia Ali,Male,thirty,IT,95707,2022-01-21,Islambad,03174565120,74
EMP1110,Arif Zaidi,Female,28,Sales,175909,2019-04-15,Quetta,03281982274,44
EMP1111,Shazia  Hussain,male ,39,Sales,247753,01-06-2019,Sialkot,03116186113,84
EMP1112,Shazia Ansari,Female,22,Sales,Rs. 170140,06-09-2019,Faisalabad,03276803099,27
EMP1113, Rukhsar Rehman ,Female,47,Sales,248110,2018-10-26,Islamabad,03376712978,92
EMP1114,Muhammad Sheikh,Female,43,H.R.,170424,2012-02-20,Islamabad,,65
EMP1115,Naveed Khan,Male,thirty,Operations,125144,2012-12-26,Lahore,03048150618,52
EMP1116,Samina Raza,Female,44,Marketing,226768,2013-11-28,Karachi,03461140399,42
EMP1117,Ayesha Kiani,Female,34,HR,107357,2015-04-30,Mltn,03284201737,77
EMP1118,Arif Kiani,M,34,Marketing,201739,07/30/2017,Islamabad,03098593293,54
EMP1119,Noreen Raza,Female,,HR,176985,2010-02-28,Gujranwala,,84
EMP1120,Tariq Yousuf,Female,56,Sales,26006,32-13-2020,Karachi,03387126347,58
EMP1121,Mariam Anwar,Male,52,IT,,,Rawalpindi,03350425346,35
EMP1122, Ayesha Sheikh ,Male,45,Operations,1000,2022-09-10,,03117279515,83
EMP1123,Ahmed Ali,FEMALE,31,OP,240332,Last Year,Sialkot,03099626514,36
EMP1124,Naveed Farooq,Male,28,Finance,41820,2011-11-25,Karachi,03232683880,53
EMP1125,Faisal Hameed,Female,25,,173999,2020-09-11,Peshawar,03436611921,49
EMP1126,Parveen Sheikh,Female,41,Marketing,111544,2011-07-06,Peshawer,03489004738,53
EMP1127,Irfan Hashmi,Female,30,Sales,97839,19/09/2012,Lahore ,03098264438,39
EMP1128,OMAR KIANI,Male,47,IT,232575,2022-05-06,islamabad,03449761155,Good
EMP1129,Shahid Naqvi,female,36,Sales,60983,,Sialkot,0344-368-5248,59
EMP1130,asad ali,Female,twenty-five,Marketing,238018,10/10/2013,Islamabad,03174931883,25
EMP1131,Rabia Butt,Male,58,Sales,113481,,Peshawar,03113029672,84
EMP1132,Imran Durrani,Male,,HR,72666,2013-04-16,Multan,003171708841,47
EMP1133,Majid Qureshi,Male,24,Fin,248389,2010-05-19,Peshawar,03313027327,11
EMP1134,Khadija Rizvi,Female,42,HR,98508,2018-07-06,,03452649180,39
EMP1135,Zainab Iqbal,Male,51,Operations,34841,2018-11-27,Quetta ,03328641879,87
EMP1136,Salma Hussain,Female,thirty,OP,140917,2012-01-20,quetta,,14
EMP1137,Khadija Ansari,Female,35,HR,167536,2012-08-04,Islamabad,03372661174,95
EMP1138,Majid Jafri,M,twenty-five,Operations,Rs. 93878,,Gujranwala,+92-3257825619,2.8
EMP1139,Ahmed Iqbal,Female,50,IT,Rs. 60900,2016-12-28,QUETTA,03037164831,94
EMP1140,Javed Butt,male,5,Finance,95067,2015-12-17,Karachi	,,35
EMP1141,Ayesha Malik,Male,29,IT,56182,2015-04-20,Karachi,03297470440,98
EMP1142,Noreen Mehmood,Male,,IT,"$91,560",2018-03-28,Karachi  ,03010172983,73
EMP1143,Irfan Naqvi,Male,40,,41959,Jan 2020,Peshawar,Not Given,27
EMP1144,Farah Ahmed,Female,37,Sales,47661,09/26/2013,Multan,003328728710,10
EMP1145,Sadia Malik,Female,33,Operations,Rs. 72466,2020-10-01,Sialkot,03298216545,91
EMP1146,Shazia Mehmood,Female,forty,Sales,,2020-05-04,Karachi,03276167563,
EMP1147,Tariq Baig,Male,34,Sales ,135193,21-09-2017,Multan,03081829418,78
EMP1148,Muhammad Hussain,Female,30,Sales,122769,2011-11-20,Lahore,03020247511,
EMP1149,Fatima Yousuf,M,30,IT,76854,17-09-2021,Islambad,03270025138,18
EMP1150,Nadia Hashmi,Female,56,Operations,189655,2015-12-21,Quetta,03219475948,76
EMP1151,Kamran Hussain,Male,51,Marketing,157377,2012-09-23,Peshawar,03351860882,4.2
EMP1152,Muhammad Butt,Female,,Marketing,175106,04/09/2021,Multan,03310394249,74
EMP1153,Usman Hashmi,Female,44,Marketing,Rs. 157581,2022-10-04,PESHAWAR,03032753536,55
EMP1154,Tariq Mehmood,Male,32,Operations,235729,2017-10-22,Islamabad,03210767842,2.8
EMP1155,Naveed Ahmed,Male,27,IT,191898,2018-04-08,Karachi,03434120341,66
EMP1156, Irfan Iqbal ,F,30,Marketing,141942,2013-09-24,Quetta,03061595935,97
EMP1157,Waqar Mehmood,Male,46,HR,109904,2022-11-28,Gujranwala,03367459568,Poor
EMP1158,Rukhsar Ali,Female,55,Marketing,130707,00-00-0000,Faisalabad,03287969595,4
EMP1159,Mariam  Mehmood,M,45,Finance,191041,2018-04-27,Karachi,03144194073,48
EMP1160, Nasreen Raza ,Female,41,Marketing,,2014-02-18,Faisalabad,03197914631,3
EMP1161,Rukhsar Aziz,M,49,HR,169233,2010-05-01,Sialkot,+92-3416542972,16
EMP1162,Faisal Hashmi,Female,30,Operations,222724,2011-06-02,Gujranwala,N/A,95
EMP1163, Rizwan Ahmed ,Female,34,it,214053,2022-02-04,Multan,03243056454,
EMP1164,Akram Baig,Female,46,IT,5000000,2016-11-17,Faisalabad,Not Given,24
EMP1165,Naveed Butt,Male,48,Marketing,115758-,2013-04-08,Rawalpindi,,43
EMP1166,Rabia Jafri,Female,35,HR,Rs. 39546,15-10-2011,Quetta,03431199787,80
EMP1167,Rukhsar Baig,Female,38,Mktg,98261,2018-12-13,Sialkot,03398765289,80
EMP1168,Salma Ali,F,54,Operations,1000,17/05/2015,Rawalpindi,03213339687,17
EMP1169,Nadia Ahmed,M,38,Finance,239099,2012-09-27,Faisalabad,03244911314,85
EMP1170,Sana Zaidi,Male,5,operations,246139,2022-06-14,Rawalpindi,0322 934 7463,
EMP1171,Sadia Baig,FEMALE,38,Sales,49505,2014-02-13,Quetta,03383674105,55
EMP1172,kamran qureshi,Female,,Finance,220289,2022-02-05,Islamabad,03061856982,13
EMP1173,Shazia Javed,FEMALE,31,Sales,179888,2016-12-21,Islamabad,03348872850,75
EMP1174,Muhammad Rizvi,male ,twenty-five,,90765-,2016-12-22,Rawalpindi,0312 707 0364,58
EMP1175,nadia yousuf,Male,44,HR,110815,2010-12-18,Sialkot,03375415306,200
EMP1176,Farah  Naqvi,Male,-5,HR,64991-,2010-09-09,Peshawer,03363265725,27
EMP1177,Rizwan Yousuf,Female,53,Operations,241091,02-09-2010,Quetta,03398837319,45
EMP1178, Akram Mehmood ,Female,29,Sales,,2018-11-12,KARACHI,03317861618,17
EMP1179,Arif Mehmood,MALE,46,Operations ,88016,2015-01-15,Sialkot,03376732339,84
EMP1180,Noreen Durrani,Female,48,Marketing,Rs. 63928,2010-10-05,Lahore,03088593456,84
EMP1181, Parveen Kiani ,Male,53,I.T.,Rs. 199859,2020-05-18,Lahore,03159499531,86
EMP1182,Shahid Khan,male,51,Marketing,149829,2011-06-25,Quetta ,03344338557,Poor
EMP1183,Khadija Butt,Female,thirty,IT,150011,2017-08-28,Lahore,003444759064,12
EMP1184,Salma Mehmood,Male,31,Finance,167948,2022-10-27,Lahore,0300XXXXXXX,23
EMP1185,Irfan Rizvi,MALE,31,Finance,"$183,911",2022-12-07,Peshawar,03183969286,67
EMP1186, Salma Siddiqui ,Male,34,Operations,62581,2019-02-19,Multan,03126434806,93
EMP1187,Fatima Javed,FEMALE,29,SALES,N/A,2014-05-07,Rawalpindi,03243027552,97
EMP1188,Ahmed Baig,Male,27,Finance,212968,,Faisalabad,03161202023,17
EMP1189, Mariam Saleem ,Female,39,Marketing,219273,2018-12-22,Gujranwala,+92-3064289660,94
EMP1190,Hassan Farooq,Male,26,HR,38420,2018-12-12,islamabad,0343 080 6860,
EMP1191,Parveen Raza,Male,29,Marketing,5000000,2011-09-02,Gujranwala,03050109750,69
EMP1192,Akram Ali,Female,47,HR,149912,2014-04-09,Peshawar,03241150478,29
EMP1193,Tariq Qureshi,male,44,IT,207814,2019-07-14,Karachi,003484013597,32
EMP1194,Imran Ali,Female,24,FINANCE,150497,2020-02-16,Islamabad,03463498812,1
EMP1195,Hassan Aslam,Female,46,HR,61090,09-05-2017,Multn,0300XXXXXXX,83
EMP1196,Hassan Jafri,Male,forty,IT ,119458,2020/25/12,Sialkot,03164813017,23
EMP1197,Hassan Rehman,Male,150,Operations,184747,2018-10-04,Quetta,03179494015,27
EMP1198,Zainab Akhtar,Female,50,,174450,2011-11-19,,03237569527,46
EMP1199,Ayesha Butt,Female,54,Operations,128092,2016-06-15,Islambad,03184522873,66
EMP1200,Shazia Akhtar,M,thirty,Sales,108341,2016-05-12,Peshawar,0314-284-0194,66
EMP1201,Farah Yousuf,Male,59,HR,126333,2020/25/12,Lahore,03474481318,18
EMP1202,Akram Akhtar,Male,37,IT,106683,2015-06-15,Gujranwala,03448042061,27
EMP1203,Nadia Naqvi,Female,58,Marketing,180106,N/A,Islamabad,03449257265,58
EMP1204,Zainab Aslam,Female,35,Marketing,34438,,Lahore,03222056566,-1
EMP1205,Shahid Kiani,female ,8,Operations,178517,2011-02-14,Rawalpindi,03354995235,66
EMP1206,Farah Farooq,Female,32,Finance,239790,07/10/2022,LAHORE,03084320245,23
EMP1207,Faisal,Male,54,IT,117681,29-03-2022,Gujranwala,03221840119,3
EMP1208,Hina Anwar,Male,27,Marketing,107519,2022-05-01,Lahore,03252562292,53
EMP1209,Rukhsar Javed,male,,Operations ,110918,2010-01-09,Pesh,03372278465,13
EMP1210,naveed kiani,F,48,Marketing,222734,2018-12-08,Rawalpindi,03291972935,87
EMP1211,Akram Butt,Female,49,IT,Rs. 97683,2021-11-04,Karachi,003068610285,44
EMP1212,Parveen Hashmi,Male,,Sales,78773,2019-05-24,Sialkot,,44
EMP1213,Faisal Ansari,Female,5,H.R,74301,10/24/2022,Islamabad,03472745566,
EMP1214,Muhammad Hameed,Female,33,Operations ,30205,2015-12-20,Faisalabad,0339-838-1347,
EMP1215, Tahira Malik ,Female,38,Finance,111023,2021-07-31,ISLAMABAD,03331166948,36
EMP1216,Asad Anwar,Female,43,Marketing,68778,2015-07-30,Peshawar,003262902765,500
EMP1217,TARIQ YOUSUF,Male,50,Operations,"$154,166",2012-12-03,Karachi,03276801198,-1
EMP1218,Nadia Ali,Female,48,Sales,195437,2021-11-26,Rawalpindi,Not Given,71
EMP1219,Naveed Aslam,Female,28,Operations,156070,01/03/2023,Rawalpindi,,27
EMP1220,Sadia Butt,Female,24,HR,119756,2019-05-15,Peshawar,03093434777,59
EMP1221,Muhammad Ali,Female,42,Marketing,129386,2010-11-18,Quetta,03233037865,71
EMP1222,Hina Aziz,Male,57,HR,48579,2013-03-03,Rawalpindi,03134845251,2
EMP1223,Javed Khan,Male,37,Finance,"$40,689",2015-12-28,Sialkot,03189219503,4.2
EMP1224,Hassan Anwar,Female,-5,Operations,124070,2016-12-02,multan,03486019552,23
EMP1225,Sadia Hussain,FEMALE,95,Finance,238663,2013-10-14,Faisalabad,03454093693,12
EMP1226,Fatima Saleem,Male,22,Marketing,121536,2015-05-28,Lahore,03049045119,34
EMP1227,Samina Naqvi,M,55,Finance,112984,TBD,Gujranwala,+92-3316698934,80
EMP1228,Bilal Javed,Female,32,FINANCE,10000000,,,003033526512,
EMP1229,Salma Qureshi,Male,36,Finance,248660,2011-09-21,Gujranwala,03327555507,85
EMP1230,Rabia Jafri,MALE,29,Marketing,102372,2015-05-16,Islamabad,03481868311,100
EMP1231,Khadija Durrani,Male,49,HR,59992,08-12-2019,Sialkot,03386133355,89
EMP1232,Ali Kiani,Male,22,marketing,45138,06/06/2016,Multan,03447285195,34
EMP1233,Samina Jafri,Female,25,Marketing,224167,N/A,Quetta,03136556319,2.8
EMP1234,Nasreen Zaidi,Female,56,Mktg,113756,2010-05-13,Sialkot,+92-3049625783,37
EMP1235,Irfan Sheikh,Male,120,Operations,85691,2022-04-28,Lahore,03349631241,12
EMP1236,Irfan Rizvi,Female,32,Finance,36502,2018-05-30,Lahor,+92-3118573074,64
EMP1237,Imran Butt,Female,29,Operations,"$127,211",2010-08-18,Karachi,03122563750,3
EMP1238,Shahid Zaidi,Male,thirty,Sales,,2010-01-06,Multan,,42
EMP1239,Sadia Durrani,MALE,,Marketing,41208-,2015-12-26,Islamabad,003218440661,74
EMP1240,Usman Ali,Female,43,Sales,183314,2014-10-04,QUETTA,,
EMP1241,Noreen Anwar,Female,32,Operations,41589,2021-08-27,Islamabad,03216957012,500
EMP1242,Usman Khan,Female,37,,121984,2011-08-20,Peshawar,03143689704,32
EMP1243,Nadia Baig,Female,48,Marketing,120364,,Sialkot,03490543284,1
EMP1244,Irfan Saleem,Female,54,Marketing,212439,2017-03-31,Peshawar,+92-3366342092,-10
EMP1245,tahira hussain,Female,49,HR,fifty thousand,25-02-2014,Rawalpindi,03143487805,43
EMP1246,Kamran Jafri,Male,47,Operations,117976,2022-08-23,Sialkot,03097011630,12
EMP1247,Ayesha Farooq,Male,53,Sales,154814,,Islamabad,03375614874,33
EMP1248,Ayesha Siddiqui,male,24,HR,63116,2015-07-10,MULTAN,03465690277,98
EMP1249,Zainab Naqvi,Male,39,HR,132774,06-06-2010,Quetta,0325 240 2423,76
EMP1250, Muhammad Saleem ,Female,38,Sales,243051,2015-02-24,Islamabad,0319 054 1689,-10
EMP1251,parveen anwar,Male,twenty-five,Finance,205855,2011-06-23,Lahore,03429329805,19
EMP1252,Faisal Jafri,Male,28,Operations,84296,2022-01-15,Faisalabad,03285527073,2
EMP1253,Noreen Rehman,Male,29,IT,109069,2021-11-08,Karachi,03021615559,-1
EMP1254,Naveed Khan,Male,22,HR ,64295,01/11/2017,Islamabad,03214052129,15
EMP1255,SAMINA KHAN,Female,25,Finance,85527,2020-09-13,Quetta,03392934499,97
EMP1256,Imran Javed,Female,47,Sales,216775,2011-10-06,Islamabad,03477607486,81
EMP1257,Mariam Aziz,Female,33,HR,"$39,969",2010-03-29,Islamabad,0341-137-2988,55
EMP1258,RUKHSAR HUSSAIN,M,59,IT,158981,21/11/2012,Karachi,03155975718,77
EMP1259,Khadija Raza,Female,200,Sales,74200,05/21/2015,Lahore,03063039291,85
EMP1260,Shahid Zaidi,Male,31,,81831-,2017-02-16,Peshawar,03128656118,6
EMP1261,Ahmed Iqbal,Male,,Operations,114482,27-04-2019,Quetta,03256177939,99
EMP1262,Sadia Jafri,Male,46,Operations,230486,31/08/2019,Queta,03494179683,55
EMP1263,Sana  Raza,Male,,IT,200182,2023-06-07,Rawalpindi,03250582530,93
EMP1264,Hassan Akhtar,Female,39,IT,,2012-05-17,Isb,03460456057,16
EMP1265,Nasreen Siddiqui,Female,,Operations,189848,2020-12-02,,,100
EMP1266,Naveed Aziz,male,29,IT,"$96,020",2010-08-18,Islamabad,03435296149,84
EMP1267,Omar Ali,Female,49,finance,165323,2018-12-26,Multan,03072282219,64
EMP1268,Khadija Khan,Female,22,HR,36539,N/A,Gujranwala,03015886282,58
EMP1269, Fatima Ali ,Female,56,Finance,177599,,Faisalabad,03262534832,67
EMP1270,Akram Durrani,Male,31,Operations,10000000,2018-06-16,Karachi,0304 683 4775,7
EMP1271,Tahira Siddiqui,Male,56,HR,135145,2019-04-08,islamabad,03347684709,59
EMP1272,Usman Naqvi,Female,60,,232792,15-05-2022,karachi,03311982755,15
EMP1273,Salma Rehman,FEMALE,30,Marketing,Rs. 175697,2015-12-24,Faisalabad,03168041409,3.5
EMP1274,Hassan Javed,Female,38,HR,164865,2011-07-05,Karachi,03148597269,78
EMP1275,Zainab Qureshi,Male,49,Marketing,88982,2012-08-23,Lahore ,Not Given,13
EMP1276,javed hameed,Female,38,Sales,202569,,Quetta,03267521272,48
EMP1277,Kamran Butt,Female,49,Marketing,184607-,2021-08-06,Islamabad,03157809882,3
EMP1278,Shahid Hussain,Female,29,it,106804,24/07/2022,Faisalabad,,200
EMP1279,farah hussain,Male,49,Finance,500,12/16/2019,Faisalabad,03362218908,43
EMP1280,Fatima Sheikh,Female,39,Operations,110819,2017-07-22,Karachi,0316 675 5255,32
EMP1281,Javed Jafri,Male,22,Operations,182233,2019-04-13,Karachi,03368877510,14
EMP1282,Hina Akhtar,Female,33,IT,31470,2013-01-18,Peshawar,03497469400,17
EMP1283,HINA QURESHI,MALE,,Finance,140588,2018-01-17,Lhr,03248615169,32
EMP1284,Imran Raza,Female,28,Sales ,88306,19/03/2011,Lahor,03274188387,43
EMP1285,Khadija Zaidi,Female,30,IT ,222042,2023-02-15,Mltn,0339-274-9391,88
EMP1286,Waqar Khan,Female,95,IT,42980,2019-08-14,Islamabad,03178523330,57
EMP1287,Nadia Siddiqui,Female,34,Marketing,57675,2013-12-19,Lahore ,03265577557,82
EMP1288,Rizwan Anwar,female,59,it,"$165,392",,Karachi,03169687613,-1
EMP1289,Zainab Qureshi,Female,51,Operations,188471,2011-06-16,Quetta,03268685777,81
EMP1290,Hassan Malik,Female,25,,34002,2012-11-26,Gujranwala,+92-3314637652,3
EMP1291,Sadia Baig,FEMALE,39,Sale,198450,2011-12-20,Multn,03267085807,9
EMP1292,Shazia,Female,60,HR,57007,2018-01-15,Peshawar,03496231589,40
EMP1293,Salma Mirza,M,26,Operations ,5000000,2013-04-26,Quetta,03290321827,22
EMP1294,Imran Javed,Male,45,IT,239421,2013-04-21,Faisalabad,03123306584,3.5
EMP1295,rukhsar rehman,M,8,IT,100927,2020-09-03,Faisalabad,03010689646,15
EMP1296,Faisal Yousuf,Female,,Marketing,154162-,2023-04-30,Quetta,03379084983,-10
EMP1297,Asad Khan,Male,45,IT,,2021-01-14,,,23
EMP1298,Asad Iqbal,F,,,231650,2011-07-02,Multan,03417035055,16
EMP1299,Tahira  Jafri,Female,24,Sales,82496-,2022-06-05,Islamabad,03025496941,48
EMP1300,Rabia Khan,Female,46,Mktg,118559,,Queta,03418989077,77
EMP1301,Asad  Zaidi,Male,32,I.T.,142736,2020-06-18,Gujranwala,03127075254,93
EMP1302,Asad Ansari,Female,48,Sales,83431,2012-03-11,Lahore,03264370744,2.8
EMP1303,Akram Malik,Male,25,Marketing,202508,2013-11-01,Peshawar,03026222974,1
EMP1304,Hassan Naqvi,male ,24,HR,238852,2012-04-25,Lahore,03048832971,99
EMP1305,Naveed Butt,Female,51,IT,,,Quetta ,03416314366,47
EMP1306,Zainab Baig,Male,58,Finance,108466,2023-03-19,Gujranwala,,32
EMP1307,Tariq Baig,Female,40,H.R,78658,2015-07-12,Faisalabad,+92-3048857808,19
EMP1308,MARIAM HUSSAIN,Male,35,hr,149783,2014-12-19,islamabad,003462245891,50
EMP1309, Ali Durrani ,Female,36,Marketing,125289,2018-11-06,,0345 340 2842,83
EMP1310,Sana  Anwar,Male,59,IT,100283,2013-07-27,Faisalabad,03397973637,75
EMP1311,FAISAL KIANI,Female,27,Finance,206878,2022-02-07,Faisalabad,03128451000,23
EMP1312,Fatima Javed,Male,,Operations,217805,2022-10-07,QUETTA,0300XXXXXXX,
EMP1313,Asad Rizvi,M,25,Finance,164588,2021-03-27,Islamabad,03496205603,95
EMP1314,Salma Jafri,Male,33,HR,153211,2015-03-13,Karachi ,03065604429,Average
EMP1315,irfan farooq,M,59,IT ,35230-,,Peshawar,03068421330,84
EMP1316,Tahira Qureshi,female ,53,Sales,"$91,552",2013-03-19,Multan,+92-3450427301,24
EMP1317,Asad Durrani,Female,55,IT,171713,32-13-2020,Lhr,,74
EMP1318,Majid Ahmed,Male,56,,"$128,899",2023-05-04,Lahor,03026574707,81
EMP1319,Nadia Aziz,male,10,Sales,66752,2011-08-30,Rawalpindi,03397470016,44
EMP1320,Waqar Zaidi,Male,10,Marketing,79852,2019-11-01,Karachi,03348801784,94
EMP1321,Bilal Hashmi,Female,60,Marketing,212241,2014-12-14,Faisalabad,0306-392-8057,24
EMP1322,ARIF SALEEM,F,39,Sales,,2018-07-02,Rawalpindi,0317-174-9286,2.8
EMP1323,Nadia Siddiqui,Female,37,IT,,11/02/2012,Rawalpindi,03494677537,12
EMP1324,RUKHSAR AZIZ,Male,twenty-five,marketing,34536,2016-08-02,Sialkot,03463387741,Average
EMP1325,Ahmed Javed,Male,22,IT,141628,2017-09-24,Karachi,03367124503,68
EMP1326,Rukhsar Rizvi,Female,12,HR,30047,2014-10-23,Sialkot,03140265112,88
EMP1327,Sana  Javed,F,60,IT,163073,2015-08-20,Karachi,03193460671,18
EMP1328,Javed Zaidi,Male,31,Sales,117625,19-01-2022,Quetta,03312344518,57
EMP1329,Akram Aslam,Male,55,Sales,42824,Jan 2020,Karachi,03149080194,28
EMP1330,Mariam Qureshi,Male,54,IT,56477,2012-11-28,Peshawar,03069564893,54
EMP1331,Arif Siddiqui,Male,46,,104353,,Sialkot,+92-3241468129,55
EMP1332,Zainab Butt,Female,,,126680,2022-05-30,Gujranwala,03469677601,53
EMP1333,Sadia Hameed,Female,36,HR,,2019-04-10,Lhr,,41
EMP1334,Faisal Durrani,Male,twenty-five,Sales,126529,2023-04-07,Karachi,N/A,27
EMP1335,Sadia,Female,43,,98723,2021-09-01,Quetta,03211385579,13
EMP1336,Mariam Hashmi,Female,37,HR,198092,,Rwp,0328 388 6058,83
EMP1337,Imran Kiani,Male,36,HR,133586,2015-12-09,lahore,03343064672,53
EMP1338,Tariq Hameed,Male,41,Marketing,142931,2016-01-22,Islamabad,N/A,Excellent
EMP1339,Shahid Baig,Male,56,Operations,221689,2015-08-02,LAHORE,03283729354,90
EMP1340,Zainab Sheikh,Male,52,IT,198479,2010-05-07,Faisalabad,03070969959,34
EMP1341,Hassan Jafri,Female,41,Operations,45665-,2013-11-28,Multan,03084822264,18
EMP1342,Farah Baig,Male,32,Marketing,54665,2018-06-03,Peshawer,03012344166,64
EMP1343,Muhammad Siddiqui,F,33,Operations,109659,2014-11-10,Gujranwala,03276220651,64
EMP1344,Imran  Zaidi,M,60,Finance,34254,,Qta,0301-180-4521,33
EMP1345,Kamran Aslam,Female,46,Finance,177627,Not Available,Quetta,03281355354,28
EMP1346,Hina Malik,Male,55,Hr,Rs. 58062,2019-01-17,Peshawar,03030018938,95
EMP1347, Kamran Raza ,Male,38,Operations,135956,32-13-2020,Rawalpind,03223271700,9
EMP1348, Ayesha Qureshi ,Male,47,Marketing,46153-,2012-06-06,Multan,Not Given,16
EMP1349,Khadija Siddiqui,Female,27,HR,500,2019-06-01,Qta,03416020320,47
EMP1350,Rizwan Khan,Female,32,Operations,192531,2020-01-08,Queta,Not Given,30
EMP1351, Fatima Qureshi ,MALE,30,Operations,"$46,628",2020-04-01,Islamabad,03187297675,89
EMP1352,tahira malik,Female,51,Sales,116588,2013-05-11,rawalpindi,0348-960-3125,5
EMP1353,parveen yousuf,Female,41,marketing,199928,2010-02-23,Karachi,03498064760,13
EMP1354,Rukhsar Siddiqui,male,52,IT,500,,Lahore,03233339936,26
EMP1355,Kamran Khan,F,38,Operations,38106,2013-11-03,,,100
EMP1356,Usman Siddiqui,Female,55,Operations,,2021-11-29,Qta,03393689067,96
EMP1357, Imran Jafri ,Female,32,Marketing,27681,2017-12-18,Faisalabad,03368147312,89
EMP1358,Usman Ali,Male,38,Marketing,203423,2016-08-25,PESHAWAR,03024265941,14
EMP1359,Parveen  Mirza,Female,36,Finance,114760,2014-06-30,Karachi,03490592995,31
EMP1360,Ahmed Naqvi,Female,39,Operations,30896,12/21/2013,,Not Given,19
EMP1361, Shahid Ahmed ,Male,twenty-five,IT ,168635,TBD,Karachi,03395450709,-10
EMP1362,Sana Sheikh,Male,36,,136963,2015-06-14,Sialkot,0314 430 3825,15
EMP1363,Bilal Mehmood,female ,36,Fin,224919,2014-02-08,Rawalpindi,03144547727,34
EMP1364,Faisal Butt,Male,60,It,93217,2017-01-07,Rawalpindi,03398881010,150
EMP1365,Omar Siddiqui,Female,49,Sales,213728,02/21/2010,Karachi,03478079093,30
EMP1366,Sadia,Female,41,It,5000000,04/03/2020,Multan,03098018173,49
EMP1367,Samina Anwar,F,,Operations,176156,2016-03-16,Peshawar,03429931688,99
EMP1368,Rabia,Male,55,HR,119823,N/A,Faisalabad,03244898234,88
EMP1369,Farah Siddiqui,Female,31,Operations,167519,10/09/2020,Lahore,03312852287,90
EMP1370,Akram Naqvi,M,-5,Finance ,N/A,2018-10-29,Peshawar,03037807105,9
EMP1371,Noreen Hashmi,Female,29,HR,214808,16/01/2011,Peshawar,,4.2
EMP1372,Salma Akhtar,Female,30,HR,109366,2019-11-25,Islamabad,03278453832,38
EMP1373,Ali Durrani,Male,42,Finance ,237719,Jan 2020,Islamabad ,03110994421,98
EMP1374,Naveed Javed,Male,56,Operations,132882,TBD,Sialkot,03110495739,61
EMP1375,Omar Iqbal,Female,23,Operations ,91089,2011-11-13,Gujranwala,03152265353,-1
EMP1376,Irfan Anwar,Male,49,Operations,120156,N/A,Rawalpindi,03130682411,92
EMP1377,Tahira Rizvi,Female,twenty-five,HR,209037,Jan 2020,Pesh,03377647844,58
EMP1378,Parveen Mirza,Male,28,Finance,61051,2018-02-12,Peshawar,03497098117,69
EMP1379, Rizwan Ahmed ,Female,58,Sales,220665,2016-06-16,QUETTA,03117529652,83
EMP1380,Rizwan Yousuf,Female,32,HR,176606,2022-02-26,Multan,0316-080-8227,
EMP1381,salma sheikh,female ,24,Finance,97406,2021-05-06,Quetta,0338-565-5250,29
EMP1382,Ayesha Raza,Female,45,Hr,"$184,858",2017-06-03,Islamabad,,92
EMP1383,Mariam Jafri,F,58,operations,70106,2017-07-03,Queta,03431890169,70
EMP1384,Shazia Mehmood,Female,25,Sales,224468,2013-05-09,Islamabad ,03322537120,78
EMP1385,Tahira Akhtar,Female,95,Operations,145592,,Islamabad,03228724468,-1
EMP1386,Farah Javed,Male,39,HR,48431,2011-06-25,Lahore,03199848654,86
EMP1387,Irfan Durrani,Male,54,IT,117606,2021-04-27,Karachi	,003381647438,11
EMP1388,Faisal Durrani,Male,29,IT,500,2010-03-04,Multan,0301 680 4206,29
EMP1389,Ahmed Khan,Female,57,Sale,73435,2012-08-20,Gujranwala,,59
EMP1390,Arif Sheikh,Female,40,HR,Rs. 78683,2011-05-14,Islamabad,0316 896 1318,44
EMP1391,Khadija Mehmood,Male,39,IT,172242,2015-07-13,KARACHI,03091524118,50
EMP1392,Noreen Butt,Female,41,,32163,2023-08-27,Lahore,03130766900,18
EMP1393,Ahmed Aziz,Female,44,Finance,96731,---,Faisalabad,03075211223,50
EMP1394,SADIA SHEIKH,Male,39,Marketing,54038,2016-12-10,Lahore,,47
EMP1395, Nasreen Aziz ,Female,24,HR,114313,2016-03-31,Peshawar,03288511877,77
EMP1396,irfan hameed,Female,28,Finance,206722,2022-12-15,Karachi,03227307181,100
EMP1397,Naveed Saleem,Female,52,Marketing,109824,2015-05-06,Lahore,03484577463,96
EMP1398,MUHAMMAD HAMEED,Male,,Finance,52899,,,03060231698,39
EMP1399,Parveen Baig,Male,38,HR ,44502,TBD,PESHAWAR,Not Given,82
EMP1400,Ayesha Siddiqui,Female,25,Sales,"$170,305",2015-12-04,Islamabad,03259606051,40
EMP1401,Samina Raza,Female,33,HR,fifty thousand,2016-01-07,Gujranwala,03010585564,5
EMP1402, Faisal Aziz ,M,48,HR,226728,2017-11-07,Lahore,,40
EMP1403,parveen raza,Female,,Finance,187234,2021-11-09,Islamabad,03467713405,89
EMP1404,Ayesha Ansari,Female,54,Sales,61337,2010-04-07,Faisalabad,003062295174,11
EMP1405,RUKHSAR ANWAR,M,22,Sales,103699,2020-04-28,Multan ,+92-3018758869,48
EMP1406,Hina Naqvi,Male,47,Sales,54520,2017-04-12,Faisalabad,03055745053,30
EMP1407,Bilal Ali,M,55,Marketing,"$144,602",2019-10-20,Quetta,03237182451,12
EMP1408,Shahid Baig,Male,55,HR,60626,2010-09-16,Multan,03392445680,79
EMP1409,Naveed,Female,60,Sales,,2011-02-08,Sialkot,03157996006,46
EMP1410,Hassan Raza,Female,56,Marketing,500,01/14/2022,Karachi,03115187852,53
EMP1411,arif saleem,Female,51,Finance,44768,2012-01-25,Karachi,03461681710,2
EMP1412,Tahira Anwar,male,48,Sales,98355-,2011-01-20,Islamabad,03116038255,28
EMP1413,Waqar Hussain,Female,30,Operations,79298,2019-07-02,Sialkot,0346 958 8589,29
EMP1414,Samina Ali,Female,56,Finance,117782,2023-05-03,Islamabad,03317052675,Good
EMP1415,Naveed Rehman,Male,37,IT,36113,2011-12-24,Multan,03150033119,22
EMP1416,Hassan Anwar,Female,33,Marketing,,2011-11-16,Faisalabad,03414918801,30
EMP1417,Faisal Qureshi,Male,38,,"$98,456",02/17/2015,Peshawar,03425339663,81
EMP1418,JAVED MIRZA,female ,50,Finance,74165,2011-05-11,Faisalabad,0311-929-4238,2.8
EMP1419,Salma  Hashmi,Female,26,IT,119044,Last Year,,03047775156,12
EMP1420,Irfan  Aslam,Female,56,Marketing ,103733,2012-05-26,Faisalabad,0300XXXXXXX,72
EMP1421,Rukhsar Qureshi,Female,52,HR,83568,2010-01-11,Islamabad,03349808824,74
EMP1422,HASSAN RAZA,Female,53,HR,138737,,Multan,03275488223,62
EMP1423,Faisal Ahmed,Male,48,FINANCE,89391,2021-04-04,Peshawar,03430076471,26
EMP1424,Sadia Aslam,Male,58,Operations,35472,2011-01-27,Peshawar,03146606003,41
EMP1425,Waqar  Rizvi,Female,40,It,123255,2012-10-13,,03499323531,92
EMP1426,Nadia Javed,Male,33,Operations,119246,,Faisalabad,03067982918,
EMP1427,Shahid Aziz,Male,twenty-five,Sales,35519,2017-02-12,Rawalpindi,03084808012,31
EMP1428,Parveen Anwar,Female,43,Finance ,122326,2023-01-25,Islambad,+92-3412186404,Poor
EMP1429,Rizwan Mehmood,Female,45,Finance,213949,,,03087523534,10
EMP1430,noreen hashmi,Male,54,IT,237996,2014-07-27,,03212177526,23
EMP1431,Majid Yousuf,Female,,Marketing,214410,2021-05-11,Peshawar,03137622902,54
EMP1432,Waqar Aslam,Male,50,HR,132094,2019-11-17,Sialkot,03311781029,
EMP1433,Zainab Ahmed,Male,27,Sales,54759,2018-10-06,Multan,03079721709,57
EMP1434,Mariam Rehman,Male,43,Finance,113767,2019-05-15,Faisalabad,+92-3439822210,64
EMP1435,Faisal Ali,Female,40,IT,,2015-09-11,Peshawar,03423380076,-5
EMP1436,KHADIJA HAMEED,Female,41,Sales,193856,2013-01-02,Peshawar,03040338081,85
EMP1437,Samina Jafri,male,49,Operations,"$185,548",2013-04-01,multan,03065256621,74
EMP1438,Nadia Iqbal,female,36,Sales,167081,02/13/2021,Rawalpindi,03317876259,-5
EMP1439,Shahid Butt,Male,22,Finance,Rs. 46745,2020-12-25,Karachi,03070206033,91
EMP1440,Tariq Zaidi,Male,58,hr,248822,,Faisalabad,0339 473 7809,15
EMP1441, Farah Saleem ,MALE,49,,222701,2012-12-14,Karachi,03499443426,31
EMP1442,Samina Iqbal,Female,24,I.T,142571,2023-06-09,Gujranwala,+92-3321564332,12
EMP1443,Sana Rehman,Female,44,Operations,229691,2014-10-20,Peshawar,,80
EMP1444,Asad Baig,Female,50,Operations,67967,13-11-2021,Islamabad,,87
EMP1445,Shazia Yousuf,Male,51,Finance,144263,Not Available,Faisalabad,Not Given,18
EMP1446,Samina Javed,Male,22,IT,27321,2010-09-23,Sialkot,03321230536,3
EMP1447,Hassan Aziz,Male,50,Operations,225929,2012-08-22,Islamabad,03083112591,7
EMP1448,Usman  Ali,Male,54,Operations,170827,2012-08-13,Karachi,03353909202,7
EMP1449,Tariq Qureshi,Female,36,Hr,243107,2021-01-22,Peshawar,+92-3195202538,31
EMP1450,Tahira,Male,48,IT,30188,2011-01-15,Islamabad,+92-3123404936,88
EMP1451, Ayesha Jafri ,Female,,HR,230448,2013-08-26,Faisalabad,03031685822,Average
EMP1452,Tariq Mehmood,Female,forty,Finance,180421,2017-09-04,Karachi,003255903538,3
EMP1453,Shahid  Hussain,Female,36,Marketing,208462,2013-07-11,Faisalabad,03438605389,99
EMP1454,sana qureshi,Male,28,Sales,195441,01/10/2012,MULTAN,03497143176,97
EMP1455,rukhsar ahmed,male,29,Operations,61676,2018-08-31,LAHORE,03323489423,32
EMP1456,Omar Hussain,Female,54,Operations,148239,N/A,Quetta,03490987767,2.8
EMP1457,Akram Mehmood,Male,,Finance,236212,2021-04-25,Multan,03078550839,3
EMP1458,Rizwan,Male,120,It,N/A,2020-03-07,Multan,03134616876,41
EMP1459,Samina Siddiqui,Female,47,Marketing,Rs. 50278,2021-06-17,Faisalabad,03274880483,87
EMP1460,Farah Durrani,Male,8,Sales,52419,2018-07-06,Faisalabad,0306 515 8740,96
EMP1461,Naveed Hameed,male ,54,IT,245711,2012-05-06,Multan,03222439507,
EMP1462,Parveen Yousuf,Male,41,Sales,187700,2021-12-08,KARACHI,03490640416,74
EMP1463,Usman Sheikh,Male,33,MKTG,70459,2020/25/12,Islamabad,03438157130,2.8
EMP1464,Usman Kiani,Male,33,Marketing,10000000,2018-12-04,Quetta,03071242137,100
EMP1465,Omar Ali,Female,22,Marketing,153544,2022-03-26,Islamabad,+92-3370599012,74
EMP1466,Fatima Rizvi,F,44,HR,249855,2011-03-19,Rawalpindi,03392355334,2.8
EMP1467,Bilal Mirza,Female,32,Operations,124987,2016-05-14,Rawalpindi,03314341749,94
EMP1468,Imran  Yousuf,Male,30,Finance,201600,2018-04-29,Rawalpindi,03161659693,70
EMP1469,Majid Qureshi,Male,31,,124993,2018-06-10,Karachi,03296239314,8
EMP1470,,,,,,,,,
EMP1471,Naveed Malik,Female,23,Marketing,142339-,2022-01-19,Karachi,Not Given,69
EMP1472,Parveen Akhtar,Male,-5,Finance,,27/01/2020,Multan,03491729035,45
EMP1473,Imran Iqbal,Female,23,Sales,64186,2019-07-22,Multan,03353995738,60
EMP1474,MUHAMMAD DURRANI,M,25,IT,Rs. 188855,2021-11-14,Multan,03066426269,86
EMP1475,Majid Aslam,Male,22,HR ,191285,2018-03-19,Multan,03381745429,-10
EMP1476,Imran Khan,Male,53,,180827,2019-10-19,Karachi ,,3
EMP1477,Arif Sheikh,MALE,120,H.R.,133940,2021-08-31,Sialkot,03090368898,36
EMP1478,Waqar Saleem,Female,46,Marketing,137334,2022-10-18,Islamabad,03179292008,2
EMP1479,Ahmed Aziz,Male,23,Operations,85224,2023-07-18,Multan,03380332126,44
EMP1480,Javed Ali,Female,36,Sales,10000000,,Rawalpindi,003286667744,42
EMP1481,Sadia Javed,Female,47,Finance,,2011-07-03,Sialkot,03246493377,90
EMP1482,Mariam Mirza,Female,thirty,Finance,236582,2022-03-01,Rawalpindi,03111201911,86
EMP1483,Rizwan  Aslam,Male,40,Finance,83143,2011-09-03,Sialkot,N/A,3
EMP1484,Parveen Ali,Female,43,,87113,06/09/2010,Faisalabad,03070991492,-10
EMP1485,Khadija Rehman,Male,22,IT,226470,2021-02-26,Karachi,03137687771,68
EMP1486,Shazia Hameed,Male,45,Finance,139083,2013-08-09,Qta,03215937620,9
EMP1487,Javed Iqbal,Female,47,Sales,63701,2019-07-31,Karachi  ,03459794063,4.2
EMP1488,rizwan jafri,Male,29,Finance,50758,2011-04-16,karachi,0300XXXXXXX,44
EMP1489,Rukhsar Durrani,Male,44,Marketing,97110,2018-10-27,Islamabad,03045233778,4.2
EMP1490,Akram Yousuf,Female,,Operations,190578,2018-10-04,Sialkot,03081723698,18
EMP1491,Arif Malik,male ,60,Finance,65301,2022-05-09,Rawalpindi,03095752856,70
EMP1492,Tariq Aslam,Male,24,Sales,Rs. 168919,2020-01-14,Sialkot,03376120776,34
EMP1493,Nasreen Iqbal,Female,31,HR,"$162,042",2022-02-18,Peshawar,+92-3053063432,
EMP1494,Muhammad Raza,Male,25,Marketing,133999,2018-07-23,Quetta,,
EMP1495,Muhammad Hashmi,female,59,I.T,123281,Not Available,Rawalpindi,03140595359,62
EMP1496,Irfan Javed,Male,39,Marketing,189418,2013-01-19,Lahore,03242133795,48
EMP1497,Farah Javed,Male,33,HR,182212,2020-02-14,Lahore,03271772590,46
EMP1498,Ahmed Rizvi,Female,58,Marketing,241129,2012-02-14,Sialkot,03326105863,31
EMP1499,Shahid Iqbal,Male,57,Marketing,10000000,2014-06-10,Rawalpindi,03050059312,29
EMP1500,Rabia Farooq,Male,47,IT,233094,2022-03-29,,03247363712,23
EMP1501,Khadija  Qureshi,Female,41,Marketing,153738,09/01/2012,Peshawar,03345214993,94
EMP1502,Omar Iqbal,male ,60,Operations,41292,2012-09-09,Quetta,03264318477,54
EMP1503,AKRAM HUSSAIN,Female,48,Finance,150920,2021-01-16,Sialkot,03048503642,Excellent
EMP1504,Tahira Anwar,Female,37,Finance,46777,2012-09-11,Peshawar,03133143904,
EMP1505,Ahmed Rizvi,Male,45,Finance,95528,N/A,Lahore,03189388622,Average
EMP1506,Waqar Sheikh,Female,42,HR,224488,2021-04-29,Lahore,03293675181,66
EMP1507,Waqar Farooq,Male,60,IT,"$99,700",2020/25/12,Gujranwala,03087031592,
EMP1508,Noreen Ansari,Male,59,I.T.,119679-,2012-01-10,Rawalpindi,03066250899,15
EMP1509,Shazia Qureshi,Male,35,HR,230589,2014-12-24,Quetta,03132224418,500
EMP1510,Rizwan Baig,Female,28,HR,28607,2023-06-17,Gujranwala,03062054365,20
EMP1511, Khadija Ahmed ,F,46,IT,27770,2022-11-14,Peshawar,03087206285,67
EMP1512,Ahmed Butt,Male,58,it,47178-,2015-11-30,Islamabad,03072250122,37
EMP1513,Omar Mehmood,Male,42,,114517,2021-01-13,,03411769327,78
EMP1514,Rabia Butt,Male,41,Sales,98128,2011-05-07,Faisalabad,03054910371,13
EMP1515,Asad Akhtar,Male,42,Finance,95853,09-08-2023,Rawalpindi,03381622676,63
EMP1516,Arif Aslam,Female,-5,IT,88568,00-00-0000,Sialkot,003320978502,34
EMP1517,Naveed Rehman,Male,28,Marketing,186576,2013-07-06,,03154576867,60
EMP1518,Tariq Aslam,Female,27,,37317,"March 15, 2019",Peshawar,03078328515,97
EMP1519,Nasreen Qureshi,Male,,HR,202133,TBD,Quetta,03264680466,8
EMP1520,Tahira Yousuf,Female,40,IT ,127417,,Multan,03028646960,
EMP1521,Asad Butt,Male,12,Operations,96600,2012-01-29,Peshawar,03310796939,22
EMP1522,Omar Aziz,Male,31,IT,243701,2018-12-26,Rawalpindi,03127936791,5
EMP1523,Salma Baig,Female,8,Marketing,97707,2011-07-03,Multan,03417795115,10
EMP1524,Irfan Hussain,MALE,60,IT,220105,26/01/2012,Gujranwala,03370349814,90
EMP1525,Tariq Zaidi,Female,51,Operations,"$82,986",2017-05-06,Sialkot,03460148407,96
EMP1526,Akram Aslam,Female,10,,,2022-10-16,Karachi,03048364963,9
EMP1527,Usman  Malik,F,27,OP,219470,12/25/2014,Quetta,03258769147,59
EMP1528,Javed  Ahmed,Male,48,finance,"$38,514",2020-07-17,,03333369610,63
EMP1529,Rizwan Butt,male,35,Operations,Rs. 125868,00-00-0000,Faisalabad,0349 443 6892,11
EMP1530,,,,,,,,,
EMP1531,Nadia Durrani,Female,35,HR,51328,2016-07-28,Multan,+92-3034670174,85
EMP1532,Rukhsar Khan,F,46,H.R.,"$120,065",2015-01-11,Sialkot,N/A,58
EMP1533,hassan ali,Female,29,Marketing,153701,2015-07-26,Peshawar,0319 229 6403,48
EMP1534,Sana Mirza,Female,31,Operations,168321,2012-11-02,Lahore,03278128931,40
EMP1535,tahira rehman,Male,43,Sales,Rs. 134879,2020/25/12,Peshawar,03442458878,30
EMP1536,Irfan Naqvi,male ,95,Operations,181653,2018-10-02,Queta,03268227454,77
EMP1537,Hina Baig,male ,55,sales,57653,2023-03-08,Gujranwala,03484468954,64
EMP1538,Shazia Mehmood,Female,45,IT,249866,2020-09-16,Lahore,003249161178,70
EMP1539,Salma Farooq,Male,34,Operations,105625,2011-03-25,Quetta,+92-3087164566,200
EMP1540, Waqar Butt ,Female,26,Marketing,176380,2022-04-05,Peshawar,003343062241,13
EMP1541,Muhammad Ali,Female,46,Operations,,12/25/2021,Multan,03299525082,20
EMP1542,Tariq Qureshi,Male,-5,Sales,"$32,225",01/14/2020,Quetta,03022806896,85
EMP1543, Imran Aziz ,Male,26,IT,143570,2016-07-06,Rawalpindi ,03294326656,2.8
EMP1544,Asad Hameed,Female,33,,159134,2018-10-31,Peshawar,,
EMP1545,Ahmed Hameed,Female,33,Finance,75641,11/21/2022,Lahore,03334765706,
EMP1546,TAHIRA AKHTAR,Female,5,IT,,2021-10-02,Faisalabad,03273993682,53
EMP1547,Muhammad Javed,Female,27,HR,56542,2016-06-16,Rwp,03187387135,80
EMP1548,Asad Mehmood,Male,31,HR,217759,2016-08-08,Peshawar,+92-3486960133,22
EMP1549,Nadia Malik,M,58,Marketing,57143,2013-06-23,Karachi,03144603606,55
EMP1550,ALI DURRANI,Male,54,HR,184582,2019-03-02,Lahore,03071160970,95
EMP1551,arif sheikh,Male,27,,141791-,2022-09-09,Faisalabad,03442247700,23
EMP1552,Asad Raza,Female,28,H.R.,142792,Last Year,Peshawar,03210586580,24
EMP1553,Parveen Mirza,Female,45,,"$95,068",2021-02-11,Gujranwala,03439622819,13
EMP1554,Muhammad Naqvi,Male,40,Operations,222271,2012-01-05,Quetta,0317 650 5859,200
EMP1555,Shazia Sheikh,Female,35,HR,,2020-04-19,Quetta,0348-946-3428,78
